"('İlham Əliyev Cocuq Mərcanlıya 700 min manat ayırdıAzərbaycan prezidenti İlham Əliyev Cəbrayıl rayonunun Cocuq Mərcanlı kəndinin əkin sahələrinin suvarma suyu ilə təmin edilməsi üçün əlavə tədbirlər haqqında sərəncam imzalayıb. Oxu.Az-ın məlumatına görə, Cəbrayıl rayonunun Cocuq Mərcanlı kəndinin, eləcə də Füzuli rayonunun Mirzənağılı və Qazaxlar kəndlərinin ümumilikdə 680 hektar əkin sahəsinin suvarma suyu ilə təmin edilməsi üçün həyata keçirilən tikinti işlərini başa çatdırmaq məqsədi ilə “Azərbaycan Respublikasının 2018-ci il dövlət büdcəsində dövlət əsaslı vəsait qoyuluşu (investisiya xərcləri) üçün nəzərdə tutulan vəsaitin bölgüsü”nün 1.47.13-cü yarımbəndində göstərilmiş məbləğin 700 000 manatı Azərbaycan Meliorasiya və Su Təsərrüfatı Açıq Səhmdar Cəmiyyətinə ayrılıb. Maliyyə Nazirliyinə müvafiq məbləğdə maliyyələşməni təmin etmək tapşırılıb.  ', 'siyaset')"

"('Mehriban Əliyeva Britaniya baş nazirinin ticarət elçisi ilə görüşüb – FOTOAzərbaycan I vitse-prezidenti Mehriban Əliyeva Böyük Britaniya baş nazirinin ticarət elçisi Baronessa Emma Nikolsonla görüşüb. Oxu.Az-ın məlumatına görə, E. Nikolson M. Əliyevaya xatirə hədiyyəsi təqdim edib. Böyük Britaniya baş nazirinin ticarət elçisinin fevralın 15-də Bakıda Cənub Qaz Dəhlizi Məşvərət Şurası çərçivəsində nazirlərin 4-cü iclasında iştirak edəcəyini qeyd edən M. Əliyeva bu iclasın uğurlu keçəcəyinə əminliyini bildirib. Baronessa Emma Nikolsonla 2016-cı ilin noyabrında görüşünü xatırlayan I vitse-prezident onun geniş fəaliyyətini yüksək dəyərləndirib və böyük hörmətə layiq olduğunu vurğulayıb. “Ölkələrimiz arasında əməkdaşlıq genişləndirilir və gücləndirilir” deyən M. Əliyeva bu işdə Baronessa Emma Nikolsonun rolunu xüsusi qeyd edib. M. Əliyeva Azərbaycanla Böyük Britaniya arasında uzun illər mövcud olan işgüzar əlaqələrin bir çox sahələri əhatə etdiyini diqqətə çatdıraraq, enerji sektorundakı əməkdaşlığı xüsusi vurğulayıb, Azərbaycanda Böyük Britaniyanın bir sıra şirkətlərinin, o cümlədən BP şirkətinin uğurlu fəaliyyətini qeyd edib. Ümumi dəyəri 42 milyard dollar olan “Cənub Qaz Dəhlizi” layihəsinin Azərbaycan üçün əhəmiyyətini vurğulayan M. Əliyeva bu layihənin uğurla həyata keçirildiyini və BP şirkətinin layihənin əsas tərəfdaşlarından biri olduğunu deyib. Diqqətə çatdırıb ki, layihənin reallaşdırılması ilə ilk qazın bu ilin iyulunda Türkiyəyə, 2020-ci ildə isə Avropaya çatdırılması nəzərdə tutulur. İki ölkə arasında digər sahələrdə də geniş əməkdaşlıq imkanlarının mövcudluğunu qeyd edən I vitse-prezident nəqliyyat, yüksək texnologiyalar, səhiyyə, kənd təsərrüfatı sahələrində böyük potensialın olduğunu vurğulayıb. Baronessa Emma Nikolsonun xeyriyyəçilik fəaliyyətindən danışan M. Əliyeva AMAR Beynəlxalq Xeyriyyə Fondu ilə Heydər Əliyev Fondu arasında çox uğurlu əməkdaşlığı qeyd edib. Bildirib ki, İraqda münaqişədən əziyyət çəkən insanlar üçün 2017-ci ildə Baronessa Emma Nikolsonun təklifi ilə köçkün düşərgələrində şahmat turniri keçirilib. Azərbaycanın iki beynəlxalq şahmatçısı Azər Mirzəyev və Fərid Abbasov turnirdə iştirak edərək, oyunlar keçiriblər. Bu layihəyə göstərilən dəstəyə görə Baronessa Emma Nikolsona minnətdarlığını bildirən M. Əliyeva Azərbaycan tərəfinin gələcəkdə də belə layihələrdə iştirak etməyə hazır olduğunu deyib. Baronessa Emma Nikolson ölkəmizdə olmaqdan məmnunluğunu bildirib. Qonaq Mehriban Əliyeva ilə ikinci dəfədir görüşdüyünü qeyd edərək, keçirilən müzakirələri yüksək dəyərləndirib. Vurğulayıb ki, müzakirələrin nəticəsi olaraq hər iki tərəf üçün böyük maraq doğuran sahələrdə uğurlu işlər görülüb. Qonaq bu fəaliyyətin davam etdirilməsini arzuladıqlarını bildirib.  ', 'siyaset')"

"('İlham Əliyevin prezidentliyə namizədliyi təsdiqlənibBu gün Mərkəzi Seçki Komissiyasının iclasında Azərbaycan prezidenti, Yeni Azərbaycan Partiyasının prezidentliyə namizədi İlham Əliyevin namizədliyinin irəli sürülməsinin təsdiq olunması müzakirəyə çıxarılıb. Oxu.Az-ın məlumatına görə, iclasda İlham Əliyevin prezidentliyə namizədliyinin irəli sürülməsi təsdiq edilib. Xatırladaq ki, Yeni Azərbaycan Partiyasının fevralın 8-də keçirilən qurultayında İlham Əliyevin prezidentliyə namizədliyi irəli sürülüb.  ', 'siyaset')"

"('XİN-nin bağışladığı musiqiçi Cocuq Mərcanlıda konsert vermək istəyirAzərbaycan Xarici İşlər Nazirliyi (XİN) daha bir rusiyalı musiqiçinin adını “arzuolunmaz şəxslər” siyahısından çıxarıb. Nazirliyin mətbuat xidmətindən Oxu.Az-a verilən məlumata görə, Rusiya Federasiyası vətəndaşı, “Sülh naminə musiqi” layihəsinin üzvü, musiqiçi Dmitri Uvarov, Xarici İşlər Nazirliyinə məktubla müraciət edərək, adının “Azərbaycan Respublikasının işğal edilmiş ərazilərinə qanunsuz səfər etmiş əcnəbilərin siyahısı”ndan çıxarılmasını xahiş edib. Məktubunda Dmitri Uvarov 2015-ci ildə “Sülh naminə musiqi” layihəsi çərçivəsində Dağlıq Qarabağa səfər etdiyini, Azərbaycanın razılığı olmadan həmin əraziyə səfərin qadağan olunduğu və doğuracağı nəticələr barədə məlumatlı olmadığını yazıb. O, bu səfərin Azərbaycan Respublikasına və xalqına qarşı heç bir halda hörmətsizlik anlamı daşımadığını vurğulayıb. D.Uvarov Azərbaycan Respublikasının qanunlarına hörmət etdiyini qeyd edərək, sözügedən səfərlə əlaqədar Azərbaycan hökuməti və xalqından üzr istədiyini qeyd edib. O, münaqişə nəticəsində bir milyondan artıq azərbaycanlının qaçqın və məcburi köçkün vəziyyətinə düşdüyünü, 20.000-dən artıq insanın həlak olduğunu qeyd edib. D.Uvarov “Sülh naminə musiqi” layihəsinin Bakıya, xüsusilə Cocuq Mərcanlı kəndinə səfər edərək azərbaycanlı qaçqın və məcburi köçkünlər üçün ustad dərslər təşkil etmək və xeyriyyə konserti proqramları ilə çıxış etmək arzusunda olduğunu ifadə edib. Rusiyalı musiqiçinin müraciəti müvafiq qaydada nəzərdən keçirilib və onun adının “arzuolunmaz şəxslər” siyahısından çıxarılmasına dair qərar qəbul edilib.  ', 'siyaset')"

"('Əli Həsənov Volonte ilə bağlı məhkəmə qərarını şərh etdiAzərbaycan Prezidentinin İctimai-siyasi məsələlər üzrə köməkçisi Əli Həsənov Azərbaycanla korrupsiya əlaqələrində ittiham olunan, AŞ PA-da Avropa Xalq Partiyası deputatlar qrupunun sədri olmuş Luka Volonte barədə İtaliyanın Milan məhkəməsinin bəraət qərarını şərh edib. Oxu.Az-ın məlumatına görə, Əli Həsənov bildirib ki, Milan məhkəməsinin 2018-ci il 13 fevral tarixli qərarı ötən ilin ortalarında məlum anti-Azərbaycan mərkəzlərin və şəbəkələrin sifarişilə Mütəşəkkil Cinayətkarlıq və Korrupsiyaya Qarşı Jurnalistika Layihəsi (OCCRP) adlı qeyri-şəffaf və bəlli məqsədlər üçün yaradılmış qurum vasitəsilə yayılmış məlumatların əsassız, qərəzli olduğunu və Azərbaycanın sağlam beynəlxalq imicini ləkələmək məqsədi güddüyünü təsdiqlədi: “Qeyd edim ki, anti-Azərbaycan mərkəzlər və şəbəkələr bu kimi çoxsaylı feyk-məlumatlarla həm Azərbaycan dövlətini, həm də ölkəmizə dost münasibəti bəsləyən, onunla bağlı pozitiv fikirlər bildirən tanınmış şəxsləri – ictimai-siyasi xadimləri, ekspertləri, jurnalistləri və s. hədəfə götürmək və qınaq obyektinə çevirmək istəyirdilər.  Təsadüfi deyil ki, həmin vaxt OCCRP-nin “Azərbaycanın pulyuyan maşını” adlı qondarma materialı dünya mediasında sürətlə tirajlandı, məsələ ilə ayrı-ayrı ölkələrin rəsmi instansiyaları maraqlandı və orada adları keçən şəxslər, o cümlədən də guya Azərbaycandan 2 milyon 640 min dollar almış AŞPA-da Avropa Xalq Partiyası deputatlar qrupunun sədri olmuş Luka Volonte barədə xüsusi araşdırma başladıldı. Xatırladım ki, həmin dövrdə də biz açıqlama yayaraq OCCRP-nin imzası ilə dövriyyəyə buraxılmış bu iddiaların qərəzli, əsassız, təxribat xarakteri daşıdığını və Azərbaycana qarşı bəlli dairələr tərəfindən təşkil edilmiş çirkin qarayaxma kampaniyasının tərkib hissəsi olduğunu bildirmişdik. Göründüyü kimi, Milan məhkəməsinin obyektiv araşdırması da bunu bilavasitə təsdiqlədi”. Əli Həsənov deyib ki, Azərbaycan hakimiyyəti dövlətin və onun tərəfdaşlarının imicini ləkələmək məqsədilə həyata keçirilən belə qarayaxma kampaniyasının təşkilatçıları və icraçıları haqqında kifayət qədər məlumatlıdır və yalnız Milan məhkəməsinin qərarı ilə kifayətlənmək niyyətində deyil:  “Biz bu çirkin əməldə əli olanlarla bağlı müvafiq qaydada hüquqi prosedurlara başlamaq niyyətindəyik. Məsələ ilə bağlı artıq Azərbaycanın aidiyyəti dövlət orqanlarına tapşırıqlar verilib. Hesab edirik ki, demokratiya və söz azadlığı pərdəsi altında gizlənərək beynəlxalq miqyasda ayrı-ayrı dövlətlərə, qurumlara, şəxslərə qarşı kampaniya təşkil edənlər bunun məsuliyyətini də dərk etməli və cavabdehlik daşımalıdırlar”.  ', 'siyaset')"

"('Azərbaycan Vitali Vatulyanı bağışladıRusiya Federasiyası vətəndaşı, “Sülh naminə musiqi” layihəsinin üzvü, musiqiçi Vitali Vatulya Xarici İşlər Nazirliyinə (XİN) məktubla müraciət edərək, adının “Azərbaycan Respublikasının işğal edilmiş ərazilərinə qanunsuz səfər etmiş əcnəbilərin siyahısı”ndan çıxarılmasını xahiş edib. XİN-dən Oxu.Az-a verilən məlumata görə, məktubunda Vitali Vatulya 2015-ci ildə “Sülh naminə musiqi” layihəsi çərçivəsində Dağlıq Qarabağa səfər etdiyini, Azərbaycanın razılığı olmadan həmin əraziyə səfərin qadağan olunduğu və doğuracağı nəticələr barədə məlumatlı olmadığını yazıb. O, bu səfərin Azərbaycanı Respublikasına və xalqına qarşı heç bir halda hörmətsizlik anlamı daşımadığını vurğulayıb. Vitali Vatulya Azərbaycan Respublikasının qanunlarına hörmət etdiyini qeyd edərək, sözügedən səfərlə əlaqədar Azərbaycan hökuməti və xalqından üzr istədiyini qeyd edib. O, münaqişə nəticəsində bir milyondan artıq azərbaycanlının qaçqın və məcburi köçkün vəziyyətinə düşdüyünü, 20.000-dən artıq insanın həlak olduğunu qeyd edib. Vitali Vatulya həmçinin, “Sülh naminə musiqi” layihəsinin Bakıya, xüsusilə, Cocuq Mərcanlı kəndinə səfər edərək azərbaycanlı qaçqın və məcburi köçkünlər üçün ustad dərslər təşkil etmək və xeyriyyə konserti proqramları ilə çıxış etmək arzusunda olduğunu ifadə edib. Vitali Vatulyanın müraciəti müvafiq qaydada nəzərdən keçirilib və onun adının arzuolunmaz şəxslər siyahısından çıxarılmasına dair qərar qəbul edilib.  ', 'siyaset')"

"('Nazir Avropa ilə vizasız rejimdən danışdıHal-hazırda bu məsələ Azərbaycanla Avropa İttifaqı arasında bağlanmış sadələşdirilmiş viza rejimi və readmissiyası haqqında sazişlə tənzimlənir. Oxu.Az-ın xəbərinə görə, bu barədə Azərbaycan XİN rəhbəri Elmar Məmmədyarov RİA Novosti-yə müsahibəsində Azərbaycanla şengen zonası arasında vizasız rejimin  mümkünlüyü barədə sualı cavablandırarkən deyib. Hesab edirik ki, bu saziş çərçivəsində əldə olunmuş nailiyyətlər  viza rejiminin liberalizasiyası istiqamətində əməkdaşlıq üçün imkanlar açır.  ', 'siyaset')"

"('Əli Məsimli: Bizdən artıq keçib, uşaqlarımız heç olmasa, zəhərlənməsinlərMillət vəkili Əli Məsimli  Milli Məclisin (MM) İqtisadi siyasət, sənaye və sahibkarlıq komitəsinin bu gün keçirilən iclasında çıxışında deyib ki, Azərbaycanda məhsulların texniki göstəricilərinin yaxşılaşdırılması və keyfiyyətinin artırılmasına böyük ehtiyac var. Oxu.Az-ın xəbərinə görə, deputat bildirib ki, Azərbaycanda bəzən elə məhsullar istehsal olunur ki, Sovet dövründə lağ edilən keyfiyyət nişanlarına şükür edirsən. “Çünki elə məhsullar var ki, bizdən artıq keçib, onlar uşaqların səhhətinə böyük ziyan verir. Bu baxımdan, emal sənayesi strukturu təkmilləşdirilməlidir. Azərbaycan Prezidenti dəfələrlə bu məsələyə toxunur və göstərişlərini verir. Əgər Azərbaycan Prezidentinin bu sahədə göstərişləri yerinə yetirilsə, o zaman böyük nailiyyətlər əldə etmək olar. Hətta, emal sahəsi ilə bağlı xeyli dərəcə uğur qazanıb, rəqabətdə udmaq da olar”. Deputat qeyd edib ki, Azərbaycanda qeyri-neft sektorunun 7-9 faizini ixrac məhsulları təşkil edir: “Bu rəqəm çox azdır. Bunu qat-qat artırmaq, Azərbaycanın yeni iqtisadi mərhələsinə mühüm töhfə vermək olar. Ümumilikdə ""Texniki tənzimləmə haqqında” və “Standarlaşdırma haqqında” qanun layihələrini dəstəkləyirəm. Lakin düşünürəm ki, bu sənədlər daha da təkmilləşdirilməlidir. Bildiyiniz kimi, Azərbaycan yeni iqtisadi inkişaf modelinə keçir. Əgər yeni inkişaf modeli neft amilindən insan amilinə keçidi nəzərdə tutursa, o zaman biz rəqabətdən geri qalmamaq üçün innovativ mexanizmləri iqtisadiyyatımıza daxil etməliyik”. Kamil HƏMZƏOĞLU  ', 'siyaset')"

"('Məmmədyarov: Aİ ilə əməkdaşlıq Bakı-Moskva əlaqələrinə təsir etməyəcəkElmar Məmmədyarov: Avropa İttifaqı ilə əməkdaşlıq Bakı və Moskva  münasibətlərinə təsir etməyəcək. Oxu.Az Azərbaycan XİN Elmar Məmmədyarovun RİA Novosti-ə verdiyi müsahibəni təqdim edir. - Cənab nazir, Azərbaycanla Avropa ittifaqı arasında strateji tərəfdaşlıq haqqında yeni razılaşmanın hazırlanması istiqamətində irəliləyişi necə qiymətləndirirsiniz. Hansı əngəllər mövcuddur, danışıqlar prosesində ən çətin an hansıdır?  - Avropa  İttifaqı ilə Azərbaycan arasında tərəfdaşlıq haqqında saziş layihəsi üzrə danışıqlar konstruktiv məcrada və qarşılıqlı anlaşma əsasında aparılır. Sənədin hazırlanması prosesində hər  əlamətdar əngəl yoxdur. Sadəcə ticarətlə bağlı bəzi məsələlərdə fikir ayrılıqları var. Azərbaycan Beynəlxalq Ticarət Təşkilatına üzv olmadığına görə, tariflər və subsidiyalarla əlaqədar fikir ayrılıqları mövcuddur.  Ancaq biz müzakirələrdə qarşılıqlı anlaşma əsasında ortaq təmas nöqtələrini tapmağa çalışacağıq. - Bu saziş üzrə danışıqların növbəti mərhələsinin nə vaxt keçiriləcəyi gözlənilir? Təqvimlə bağlı gözləntilərinizi öyrənmək istərdik, bu müqavilə nə vaxt bağlana və qüvvəyə minə bilər. - Növbəti danışıqlar mərhələsi 2018-ci ilin birinci rübünün sonu və ya ikinci rübünün əvvəlinə planlaşdırılır. - Bakının təsbit olunmasını istədiyi sazişin ən vacib elementləri hansılardır? - Sazişin bütün elementləri eyni dərəcədə vacibdir. Biz hesab edirik ki, bu sənəd Avropa ittifaqı ilə Azərbaycan arasında münasibətlərin hərtərəfli şəkildə inkişafında mühüm çərçivə rolunu oynayacaq.  Sənəddə siyasi, iqtisadi, ticarət, energetika, nəqliyyat və humanitar sahələrdə əməkdaşlıq perspektivləri nəzərdə tutulub.  - Azərbaycan və Avropa İttifaqı arasında yeni saziş Bakı-Moskva münasibətlərinə təsir edə bilər? - Azərbaycan qonşuları o cümlədən Rusiya   ilə strateji əməkdaşlıq münasibətlərinin inkişafına böyük dəyər verir. Ümumilikdə biz Rusiya ilə siyasi, iqtisadi, ticarət, humanitar  və digər sahələrdə əməkdaşlığın inkişafı ilə bağlı əldə olunan əhəmiyyətli nəticələrdən razıyıq. Azərbaycan və Avropa İttifaqı arasında əməkdaşlıq, eyni zamanda qarşılıqlı-faydalı əməkdaşlıq və qarşılıqlı hörmət əsasında inkişaf edir. Avropa İttifaqı ilə münasibətlərin inkişafına böyük diqqət ayrılır. Azərbaycanla Rusiya  və Azərbaycanla Avropa İttifaqı arasında münasibətlər fərqli müstəvilərdə inkişaf etsə də, onlar ilk növbədə bizim xalqların mənafeyinə xidmət göstərir. - Bu fikirlə razısınız ki, “Şərq tərəfdaşlığı”  Rusiya ilə Avropa İttifaqı arasında ayırıcı rolunu oynamamlıdır? Sizcə hal-hazırda bunun üçün zəmin var? - Biz tərəfdaşlıq layihələrində iştirakımıza eksklüziv bir şey kimi yanaşmırıq, əksinə inklüziv, tərkib hissəsi kimi baxırıq. Yəni, bizim hər hansı layihədə iştirakımız digər tərəfdaşlarımızın maraqlarına qarşı xidmət edə bilməz, bizim belə məqsədimiz və ya niyyətimiz yoxdur. Azərbaycan və Rusiya arasında strateji əməkdaşlıq  Avropa İttifaqı ilə Azərbaycan arasında münasibətlərə xələl gətirmədiyi kimi,  bizim Avropa İttifaqı  ilə münasibətlərimiz də Azərbaycan və Rusiya arasında dost, strateji münasibətlərə təsir etmir. -  Cənab nazir, sizcə Azərbaycanla şengen zonası arasında vizasız rejimin bərqərar olması mümkündür?  Bu hansı zaman perspektivinin mövzusudur? - Hal-hazırda bu məsələ Azərbaycanla Avropa İttifaqı arasında bağlanmış sadələşdirilmiş viza rejimi və readmissiyası haqqında sazişlə tənzimlənir. Hesab edirik ki, bu saziş çərçivəsində əldə olunmuş nailiyyətlər  viza rejiminin liberalizasiyası istiqamətində əməkdaşlıq üçün imkanlar açır. - Dağlıq Qarabağ məsələsi ilə bağlı üçtərəfli formatda-  RF, Azərbaycan və Ermənistan  Xarici işlər nazirləri səviyyəsində görüş gözlənilir? - Hal-hazırda bu formatda üçtərəfli görüş  təşkilat etmək planları  yoxdur.     ', 'siyaset')"

"('Dini konfessiya rəhbərləri seçkilərlə əlaqədar müraciət qəbul ediblərAzərbaycandakı dini konfessiya rəhbərləri prezident seçkiləri ilə əlaqədar müraciət qəbul ediblər. Oxu.Az xəbər verir ki, Qafqaz Müsəlmanları İdarəsində dini konfessiyaların rəhbərləri ilə keçirilən görüşdə qəbul olunan müraciətdə deyilir: “Biz, milli mənsubiyyətindən asılı olmayaraq, Azərbaycan dindarları – müsəlman, pravoslav, katolik, yəhudi, alban-udi və digər dini icma nümayəndələri, ölkəmizin ictimai-siyasi həyatında mühüm hadisə – prezident seçkiləri ilə əlaqədar bir araya gələrək, aşağıdakıları bəyan etməyi öz vətəndaş borcumuz hesab edirik.  O Bir Olan Yaradan qarşısında məsuliyyət hissi ilə bildiririk ki, Vətənimizdə son illər ərzində həyatın bütün sahələrində baş verən tərəqqi - iqtisadiyyatımızın güclənməsi, daxili və xarici siyasətdəki uğurlar, insanların rifah halının yüksəlməsi, hərbi müdafiə qabiliyyətimizin artması ilə yanaşı dini-mənəvi həyatı ehtiva edən dəyərli dəyişikliklər hər bir dindarın rəğbətinə səbəb olan məqamlardır.  Bakı-Tbilisi-Qars dəmiryolu xətti, TANAP qaz kəməri, Şimal-Cənub Beynəlxalq Nəqliyyat dəhlizi kimi regional əhəmiyyətli iqtisadi layihələrin fonunda Allah Evlərinin, ibadət məkanlarının nəfis şəkildə inşa və böyük məhəbbətlə bərpa olunan binaları, dindarların maddi-mənəvi tələbatlarına qayğı, milli-dini və ümumbəşəri dəyərlərə yüksək ehtiram ölkəmizin nüfuz və qüdrətinin təzahürləridir.  Vətənimiz Azərbaycan beynəlxalq müstəvidə həm də mədəniyyətləri, dinləri bir araya gətirən, mənəvi-humanitar məqsədlər ətrafında cəm edən qabaqcıl bir ölkə kimi tanınır. Uca Allaha xoş gedən multikultural həyat tərzini yaşadan və təbliğ edən cəmiyyətimizin və onun liderinin O Bir Olan Yaradanımızın Nəzərində dəyəri yüksəkdir. Hər bir mömin vətəndaş ölkəmizin həyatında bütün bu nailiyyətləri şükranlıqla qarşılayaraq, bunu Uca Yaradanın Lütfü sayəsində dövlət rəhbərinin həyata keçirdiyi uğurlu siyasətin bəhrəsi kimi dəyərləndirir. Azərbaycanı parçalanmaq və müstəqil dövlətçiliyimizi məhv olmaq təhlükəsindən xilas etmiş Ulu Öndərimiz Heydər Əliyevin siyasi xəttinin davamçısı İlham Əliyev həzrətlərinin misilsiz əzm və səyləri sayəsində Azərbaycan xalqı müstəqilliyimizin əbədi və dönməzliyinə əmindir. Azərbaycan siyasətinin avanqardında yer alan Yeni Azərbaycan Partiyası qarşıdan gələn Prezident seçkilərində Prezident İlham Əliyevin namizədliyini irəli sürüb. Bu namizəd, əslində, bütün xalqın namizədidir. Azərbaycan dindarlarının ümumi mövqeyi Prezident seçkilərində məhz İlham Əliyevin ən layiqli namizəd olmasından ibarətdir.  Siyasi, iqtisadi, mənəvi böhranlarla üz-üzə qalan dünyada sabitlik, rifah və dini-mənəvi stabillik məkanı olan ölkəmizin uğurları həqiqətən böyük dəyər kəsb edir.  Biz, Azərbaycan dindarları, dini icma rəhbərləri müstəqil Azərbaycanda  uğurlu din-dövlət siyasətinin bəhrəsi olan tolerant, multikultural, hüquqi-demokratik  cəmiyyəti dünyanın istənilən nöqtəsində qürur hissi ilə təmsil etməkdən məmnunluq duyuruq. Azərbaycanın dünyada mədəniyyətlər və dinlərarası dialoqun mühüm mərkəzlərindən biri kimi tanınması və qəbul olunması dövlət başçımızın ardıcıl məntiqlə davamlı şəkildə həyata keçirdiyi dövlət siyasətinin real bəhrəsidir.  Sivilizasiyaların, mədəniyyətlərin dialoq və əməkdaşlığına dair 2008-ci ildə Bakı prosesinin əsasının qoyulması, 2016-cı ilin Multikulturalizm, 2017-ci ilin İslam Həmrəyliyi ili elan edilməsi Azərbaycanın dövlət rəhbərinin siyasi iradə və humanist təfəkkürünün bariz nümunəsidir. Tərəqqipərvər dünya ictimaiyyəti bu istiqamətdə səyləri layiqincə qiymətləndirir, Azərbaycan xalqı isə buna görə öz liderinə minnətdardır. Biz, Azərbaycan dindarları, dövlətçiliyimizin möhkəmləndirilməsi, xalqın rifahının artırılması yönündə böyük işlər görən, dünyada miqrant böhranı yaşandığı dönəmdə məcburi köçkün soydaşlarımızın dədə-baba torpaqlarına qayıdışı üçün misilsiz səylər göstərən, Cocuq Mərcanlı məscidi ilə işğaldan azad olunmuş torpaqlarımıza Böyük qayıdışın mənəvi təməlini qoyan liderimizin olmasını yüksək dəyərləndirir, Azərbaycanın dövlət başçısı məqamında O Bir Olan Yaradana xoş gələn əməllər sahibinin olmasını səmimi qəlbdən diləyirik. Biz dünyəvi dövlət şəraitində dini-mənəvi dəyərlərin intibahı üçün atılan addımların, göstərilən misilsiz səylərin qarşısında yalnız və yalnız bu uğurlu xəttin davam və inkişafını dəstəkləyirik. Biz, unikal dostluq, dinlərarası və məzhəblərarası qardaşlıq şəraitində yaşayan Azərbaycan dindarları, dövlətin diqqət və himayəsindən yararlandığımız, məscidlər, kilsə, sinaqoq və digər mənəvi məkanlarımızın dövlətin maddi, mənəvi yardımıyla təmir, bərpa olunduğu ölkəmizdə dini-mənəvi intibahın davamını istəyirik.    Biz, dindarlar hər zaman şükranlıqla dualar edirik ki, Vətənimizin taleyinə müdrik, mənəvi dəyərlərə önəm verən, bizlərə həyatın bütün sahələrində olduğu kimi, dini-mənəvi sahədə də fəxarət doguran anlar yaşadan dövlət başçısı qismət olmuşdur. Zati-aliləri İlham Əliyevə verilən ən böyük dəyər Azərbaycan xalqının məhəbbət və etimadıdır. Azərbaycan Respublikasında 11 aprel tarixli Prezident seçkiləri, heç şübhəsiz ki, xalqımızın həyatında mühüm siyasi hadisə olmaqla, hər bir dindar üçün də taleyüklü, önəmli məqamdır.  Biz bütün Azərbaycan dindarlarını uca mənəviyyat yolunun davamına – Yeni Azərbaycan Partiyasının lideri İlham Əliyevin namizədliyini dəstəkləməyə çağırırıq. Qoy Uca Yaradan öz Lütf və Mərhəmətini hər zaman Azərbaycan xalqı və dövləti üzərində bərqərar etsin!”. Qeyd edək ki, müraciəti Qafqaz Müsəlmanları İdarəsinin sədri Şeyxülislam Allahşükür Paşazadə, Bakı və Azərbaycan Arxiyepiskopu Aleksandr, Azərbaycandakı Dağ yəhudiləri icmasının rəhbəri Melih Yevdayev, Azərbaycandakı Roma Katolik Kilsəsinin Yepiskopu Vladimir Fekete və Azərbaycandakı Alban-udi xristian icmasının sədri Robert Mobili imzalayıblar.  ', 'siyaset')"

"('Mariya Nemtsovanının adı XİN-nin “qara siyahısı”ndan çıxarıldıRusiya Federasiyası vətəndaşı, “Sülh naminə musiqi” layihəsinin üzvü, musiqiçi Mariya Nemtsova Azərbaycan Xarici İşlər Nazirliyinə məktubla müraciət edərək adının “Azərbaycan Respublikasının işğal edilmiş ərazilərinə qanunsuz səfər etmiş əcnəbilərin siyahısı”ndan çıxarılmasını xahiş edib. XİN-nin mətbuat xidmətindən Oxu.Az-a verilən xəbərə görə, Mariya Nemtsova məktubunda 2015-ci ildə “Sülh naminə musiqi” layihəsi çərçivəsində Dağlıq Qarabağa səfər etdiyini, Azərbaycanın razılığı olmadan həmin əraziyə səfərin qadağan olunduğu və doğuracağı nəticələr barədə məlumatlı olmadığını yazıb.  O, səfərin Azərbaycanı Respublikasına və xalqına qarşı heç bir halda hörmətsizlik anlamı daşımadığını vurğulayıb. M. Nemtsova Azərbaycan Respublikasının qanunlarına hörmət etdiyini bildirərək səfərlə əlaqədar Azərbaycan hökuməti və xalqından üzr istəyib. O, münaqişə nəticəsində bir milyondan artıq azərbaycanlının qaçqın və məcburi köçkün vəziyyətinə düşdüyünü, 20.000-dən artıq insanın həlak olduğunu qeyd edib. M. Nemtsova “Sülh naminə musiqi” layihəsi çərçivəsində Bakıya, xüsusilə Cocuq Mərcanlı kəndinə səfər edərək azərbaycanlı qaçqın və məcburi köçkünlər üçün ustad dərslər təşkil etmək və xeyriyyə konserti proqramları ilə çıxış etmək arzusunda olduğunu diqqətə çatdırıb. Müraciəti müvafiq qaydada nəzərdən keçirilib və onun adının “arzuolunmaz şəxslər” siyahısından çıxarılmasına dair qərar qəbul edilib.  ', 'siyaset')"

"('İlham Əliyev ABŞ nümayəndə heyətini qəbul edib – YENİLƏNİBAzərbaycan Respublikasının prezidenti İlham Əliyev fevralın 14-də Böyük Britaniyanın baş nazirinin ticarət elçisi xanım Baronessa Nikolsonu qəbul edib. Oxu.Az-ın xəbərinə görə, bu barədə Azərbaycan prezidentinin mətbuat xidməti məlumat yayıb. 10:16 Prezident İlham Əliyev fevralın 14-də ABŞ Dövlət Departamentinin enerji ehtiyatları bürosunun beynəlxalq enerji məsələləri üzrə xüsusi elçisi və əlaqələndiricisi vəzifəsini icra edən xanım Syu Saarnionun başçılıq etdiyi nümayəndə heyətini qəbul edib. Oxu.Az-ın xəbərinə görə, bu barədə prezidentin mətbuat xidməti məlumat yayıb.  ', 'siyaset')"

"('XİN argentinalı musiqiçinin adını “qara siyahı”dan çıxarıbArgentina vətəndaşı, “Sülh naminə musiqi” layihəsinin üzvü, musiqiçi Xuan Manuyel Domingez Xarici İşlər Nazirliyinə (XİN) məktubla müraciət edərək, adının “Azərbaycan Respublikasının işğal edilmiş ərazilərinə qanunsuz səfər etmiş əcnəbilərin siyahısı”ndan çıxarılmasını xahiş edib. XİN-dən Oxu.Az-a verilən məlumata görə, məktubunda Xuan Manuyel Domingez 2015-ci ildə “Sülh naminə musiqi” layihəsi çərçivəsində Dağlıq Qarabağa səfər etdiyini, Azərbaycanın razılığı olmadan həmin əraziyə səfərin qadağan olunduğu və doğuracağı nəticələr barədə məlumatlı olmadığını yazıb. O, bu səfərin Azərbaycanı Respublikasına və xalqına qarşı heç bir halda hörmətsizlik anlamı daşımadığını vurğulayıb. Xuan Manuyel Domingez Azərbaycan Respublikasının qanunlarına hörmət etdiyini qeyd edərək, sözügedən səfərlə əlaqədar Azərbaycan hökuməti və xalqından üzr istədiyini qeyd edib. O, münaqişə nəticəsində bir milyondan artıq azərbaycanlının qaçqın və məcburi köçkün vəziyyətinə düşdüyünü, 20.000-dən artıq insanın həlak olduğunu qeyd edib. Xuan Manuyel Domingez “Sülh naminə musiqi” layihəsinin Bakıya, xüsusilə, Cocuq Mərcanlı kəndinə səfər edərək azərbaycanlı qaçqın və məcburi köçkünlər üçün ustad dərslər təşkil etmək və xeyriyyə konserti proqramları ilə çıxış etmək arzusunda olduğunu ifadə edib. Xuan Manuyel Domingezin müraciəti müvafiq qaydada nəzərdən keçirilib və onun adının arzuolunmaz şəxslər siyahısından çıxarılmasına dair qərar qəbul edilib. ww.oxu.az ', 'siyaset')"

"('İlham Əliyev əhalinin sosial müdafiəsinə pul ayırdıPrezident İlham Əliyev əhalinin sosial müdafiəsinin yaxşılaşdırılmasına dair əlavə tədbirlər haqqında sərəncam imzalayıb. Oxu.Az-ın məlumatına görə, bir sıra sosial təyinatlı obyektlərdə tikinti və əsaslı təmir işlərinin başa çatdırılması məqsədilə “Azərbaycan Respublikasının 2018-ci il dövlət büdcəsində dövlət əsaslı vəsait qoyuluşu (investisiya xərcləri) üçün nəzərdə tutulan vəsaitin bölgüsü”nün 1.10.8-ci yarımbəndində göstərilmiş məbləğin 15 297 900 (on beş milyon iki yüz doxsan yeddi min doqquz yüz) manatı Əmək və Əhalinin Sosial Müdafiəsi Nazirliyinə ayrılıb. A.M.  ', 'siyaset')"

"('Sitrus meyvəçiliyinin inkişafına dair Dövlət Proqramı təsdiqlənibAzərbaycan prezidenti İlham Əliyev “Azərbaycan Respublikasında sitrus meyvəçiliyinin inkişafına dair 2018–2025-ci illər üçün Dövlət Proqramı”nın təsdiq edilməsi haqqında sərəncam imzalayıb. Oxu.Az-ın məlumatına görə, Dövlət Proqramında nəzərdə tutulan tədbirlərin maliyyələşdirilməsi məqsədi ilə Maliyyə Nazirliyi və İqtisadiyyat Nazirliyi hər il, müvafiq olaraq, dövlət büdcəsinin və dövlət investisiya proqramlarının tərtibi prosesində maliyyə vəsaitinin nəzərdə tutulması üçün zəruri tədbirlər görməlidir. Kənd Təsərrüfatı Nazirliyi isə Dövlət Proqramında nəzərdə tutulan tədbirlərin həyata keçirilməsini əlaqələndirsin və Dövlət Proqramının icrasının gedişi barədə ildə bir dəfə Azərbaycan prezidentinə məlumat verməlidir. A.M.  ', 'siyaset')"

"('İlham Əliyev: Azərbaycan şəffaflıq və hesabatlılıq prinsiplərinə nail olacaqÖlkəmiz islahatları bundan sonra da davam etdirəcək və biz buna möhkəm sadiqik. Oxu.Az xəbər verir ki, bunu Azərbaycan Prezidenti İlham Əliyev fevralın 13-də Almaniya İqtisadiyyatının Şərq Komitəsinin sədri Volfqanq Büxelenin başçılıq etdiyi nümayəndə heyəti ilə görüşdə deyib. Dövlət başçısı bildirib ki, iqtisadi sahədə, o cümlədən institusional, struktur, fiskal və digər sahələrdə aparılan islahatlar artıq uğurlu nəticələr verib və bu islahatlar davam etdiriləcək. “Qarşımızda duran əsas məqsəd qeyri-neft sektoruna əsaslanan dayanıqlı inkişafımızı təmin etməkdən ibarətdir”, - deyən Prezident İlham Əliyev bildirib ki, bu baxımdan, Azərbaycan şəffaflıq və hesabatlılıq prinsiplərinə nail olmaq niyyətindədir: “Biz buna nail olacağıq. Biz Azərbaycanda investisiya mühitinə böyük diqqət yetiririk”. Son 15 ildə ölkəmizə 230 milyard dollardan artıq sərmayənin cəlb olunduğunu deyən dövlət başçısı qeyd edib ki, bu sərmayənin ən böyük hissəsinin neft sektoruna qoyulmasına baxmayaraq, - bu da təbiidir, - eyni zamanda qeyri-neft sektoruna böyük həcmdə investisiyaların yatırılması bizə iqtisadiyyatımızın şaxələndirilməsinə və regional inkişafa nail olmağa imkan verib. Bundan sonra uzun müddət davam edəcək enerji layihələrinin ölkəmizə əlavə gəlir gətirəcəyini deyən dövlət başçısı Azərbaycanda makroiqtisadi vəziyyətin çox müsbət olduğunu bildirdi, xarici valyuta ehtiyatlarının ümumi daxili məhsulun həcminə bərabər olduğunu, xarici borcun çox aşağı səviyyədə - təxminən, 20 faiz həcmində olduğunu bildirib. İnflyasiyanın bu ilin ilk ayında 5,5 faiz təşkil etdiyini deyən Prezident İlham Əliyev əhalinin gəlirlərinin isə 11 faizdən çox artdığını bildirdi. Bütün bunlar inkişaf üçün fundamental əsas yaradır. İnfrastruktur və kənd təsərrüfatı sahələrinə qoyulan investisiyaların artıq öz nəticələrini verdiyini deyən dövlətimizin başçısı, bu baxımdan, bilik, texnologiya, yaxşı idarəetməyə və insan kapitalına əsaslanan çox güclü iqtisadiyyat yaratmaq məqsədilə islahatların bundan sonra da davam etdiriləcəyini bildirdi. Prezident İlham Əliyev dedi ki, neft-qaz sektoru bizə yalnız daha çox vəsait toplamaq və Neft Fondunun gəlirlərini artırmaq imkanı verəcək. A.M.  ', 'siyaset')"

"('Prezident: Azərbaycan regional mərkəzə çevrilibAzərbaycan həqiqətən də həm iqtisadi, həm də siyasi baxımdan regional mərkəzə çevrilib. Oxu.Az-ın məlumatına görə, bunu Azərbaycan prezidenti İlham Əliyev Almaniya İqtisadiyyatının Şərq Komitəsinin sədri Volfqanq Büxelenin başçılıq etdiyi nümayəndə heyəti ilə görüşdə deyib. Ölkəmizdə həm qonşu, həm də uzaq xarici ölkə nümayəndələrinin iştirakı ilə mühüm beynəlxalq tədbirlərin keçirildiyini deyən dövlət başçısı vurğulayıb ki, Azərbaycan regionun mühüm enerji mərkəzinə çevrilməkdədir. Onun sözlərinə görə, ölkəmizin təşəbbüsü ilə həyata keçirilən qlobal enerji layihələrinə çoxmilyardlı investisiyalar qoyulub. Azərbaycanın regionun nəqliyyat mərkəzinə də çevrildiyini deyən prezident İlham Əliyev ötən il istifadəyə verilən Bakı-Tbilisi-Qars dəmir yolu ilə artıq yüklərin Asiyadan Avropaya və əks istiqamətdə daşındığını bildirib.  Azərbaycanın əlverişli coğrafi mövqeyinin, ölkəmizdə təhlükəsizliyin təmin olunmasının, insanlarımızın qonaqpərvərliyinin, ölkəmizdə hökm sürən dostluq və multikulturalizm mühitinin, yüksək standartlara cavab verən mehmanxanaların və istirahət mərkəzlərinin, müasir aeroportların Azərbaycanın gələcəkdə regionda önəmini daha da artırmaq üçün yaxşı imkanlar yaratdığını deyən dövlət başçısı bu il yenidən metro tikintisi sahəsində layihələrin həyata keçiriləcəyini bildirib.  Azərbaycanın neft-qaz sektorunun böyük perspektivlərə malik olduğunu və onun gələcək onilliklər üçün kifayət etdiyini deyən prezident İlham Əliyev bu sahədə də xarici şirkətlərin fəaliyyəti üçün geniş imkanların olduğunu diqqətə çatdırıb. Dövlət başçısı ölkəmizdə turizmin inkişafının diqqət mərkəzində olduğunu deyərək bu sahənin təkcə Bakıda deyil, regionlarda da inkişaf etdiyini vurğulayıb. Bildirib ki, 2016-cı ildə Azərbaycana gələn turistlərin sayında 24 faiz, 2017-ci ildə 20 faiz və bu ilin yanvarında isə artıq 17 faiz artım olub.  O qeyd edib ki, bu baxımdan Azərbaycanın vaxtilə almanların məskunlaşdığı bölgəsi də alman turistlər üçün maraqlı marşrut ola bilər və bu istiqamətdə əməkdaşlıq üçün yaxşı imkanlar var.  ', 'siyaset')"

"('Azərbaycanda prezident seçkilərini izləmək üçün AŞPA-ya dəvət göndərilibAzərbaycan prezident seçkilərini izləmək üçün Avropa Şurası Parlament Assambleyasına (AŞPA) dəvət göndərib. Oxu.Az-ın xəbərinə görə, bu barədə APA-ya AŞPA-dan məlumat verilib. Növbəti mərhələdə AŞPA Bürosu prezident seçkilərini izləmək barədə qərar verməlidir. Azərbaycanda prezident seçkiləri aprelin 11-də keçiriləcək.   ', 'siyaset')"

"('Deputat: Qaradağ rayonuna Heydər Əliyevin adı verilsinBakının Qaradağ rayonuna Heydər Əliyevin adının verilməsi təklif edilir. Oxu.Az xəbər verir ki, bu təkliflə deputat Aydın Hüseynov Milli Məclisin bu gün keçirilən plenar iclasında çıxış edib. A.Hüseynov qeyd edib ki, həm ulu öndər Heydər Əliyevin, həm də prezident İlham Əliyevin Qaradağ rayonunun sosial-iqtisadi inkişafında önəmli rolu olub. Bunu nəzərə alaraq A.Hüseynov Heydər Əliyevin anadan olmasının 95 illiyi ilə əlaqədar Qaradağ rayonunun Heydər Əliyev rayonu adlandırılmasını təklif edib. Kamil Həmzəoğlu  ', 'siyaset')"

"('Arif Rəhimzadə spikerə etiraz etdiParlamentin Regional məsələlər komitəsinin sədri Arif Rəhimzadə spiker Oqtay Əsədova etirazını bildirib. Oxu.Az-ın xəbərinə görə, buna səbəb bələdiyyələrinin fəaliyyətinə nəzarət edən orqanın illik hesabat məruzəsinin parlamentin fevralın 13-də keçirilən plenar iclasında müzakirəsi zamanı ədliyyə nazirinin müavini Vilayət Zahirovdan sonra çıxış üçün söz verilməməsi olub. “Əslində, komitə sədri olaraq, ədliyyə nazirinin müavininin hesabatından sonra mənə ilk olaraq çıxış üçün söz verilməli idi. Amma verilmədi. Məsləhət sizindir, istəmirsinizsə, heç çıxış etmərəm də...” Spiker isə komitə sədrinin etiraz-iradı ilə razılaşmayıb və əlavə edib ki, sözü olsa, çıxış edə bilər. Kamil HƏMZƏOĞLU  ', 'siyaset')"

"('Lətif Hüseynovun səlahiyyətləri artırılırMilli Məclisin bu gün keçirilən plenar iclasında “Konstitusiya məhkəməsi haqqında” qanuna dəyişiklik edilməsi məsələsinə baxılıb.  Oxu.Az xəbər verir ki, məsələ barədə parlamentin Hüquq siyasəti və dövlət quruculuğu komitəsinin sədri Əli Hüseynli məlumat verib.  O qeyd edib ki, adıçəkilən qanunun 73-cü (Konstitusiya Məhkəməsi hakiminin başqa təminatları) maddəsinə yeni - 9-cu bənd əlavə edilir. Təklif olunan bəndə əsasən, İnsan hüquqları üzrə Avropa Məhkəməsinə Azərbaycan Respublikasından seçilmiş hakimin statusu Azərbaycan Respublikası Konstitusiya Məhkəməsi hakiminin statusuna bərabər tutulur. Bu qanunda, həmçinin digər normativ hüquqi aktlarında Konstitusiya Məhkəməsi hakimi üçün nəzərdə tutulmuş təminatlar (bu Qanunun 71-ci, 72-ci, 73.5-ci, 73.6-cı və 73.8-ci maddələrində nəzərdə tutulmuş təminatlar istisna olmaqla) İnsan Hüquqları üzrə Avropa Məhkəməsinə Azərbaycandan seçilmiş hakimə də şamil edilir. Layihədə qeyd olunur ki, təklif olunan dəyişikliyin məqsədi İnsan Hüquqları üzrə Avropa Məhkəməsinə Azərbaycandan seçilmiş hakimin statusuna bərabər tutulması və onların Konstitusiya Məhkəməsinin hakimi üçün nəzərdə tutulmuş təminatlardan istifadə edilməsi üçün hüquqi əsasların yaradılmasıdır. Dəyişiklik layihəsi parlamentdə səsə qoyularaq qəbul edilib. Qeyd edək ki, hazırda Azərbaycanı Avropa İnsan Haqları Məhkəməsində Lətif Hüseynov təmsil edir. Kamil HƏMZƏOĞLU  ', 'siyaset')"

"('Ramiz Rzayev Ali Məhkəmənin hakimi təyin edildiMilli Məclisin bu gün keçirilən iclasında Ramiz Rzayevin Ali Məhkəmənin hakimi təyin edilməsi haqqında məsələyə baxılıb.  Oxu.Az xəbər verir ki, məsələ barədə deputatları məlumatlandıran parlamentin Hüquq siyasəti və dövlət quruculuğu komitəsinin sədri Əli Hüseynli bildirib ki, Ramiz Rzayev 1953-cü il fevralın 25-də Xudat şəhərində anadan olub:  “2005-ci ilin aprelin 19-dan Ali Məhkəmənin sədridir. 2005-ci ildən Məhkəmə-Hüquq Şurasının üzvüdür. O, prokurorluq orqanlarında dövlətçilik prinsiplərinə sadiq olub. Bu prinsiplərə sadiqliyini Ali Məhkəmənin sədri vəzifəsini icra edən zaman da davam etdirib. Məhz onun təşəbbüsü ilə Ali Məhkəmə tərəfindən bir neçə mühüm qanun layihəsi hazırlanıb, parlamentə göndərilib və qəbul edilib. Bir müddət öncə Məhkəmə-Hüquq Şurasında onun namizədliyi məsələsi müzakirə olunub və ölkə prezidentinə göndərilib. Bu gün isə dövlət başçısının təqdimatı ilə məsələyə baxılması tövsiyə edilib”. R. Rzayev qısaca olaraq təqdimata görə ölkə prezidentinə minnətdarlığını bildirib. Bundan əlavə, Qasım Əliyevin vəzifəsi dəyişdirilərək Naxçıvan Muxatar Respublikasının Ali Məhkəməsinin hakimi təyin edilməsi məsələsinə baxılıb.  Qeyd edək ki, Q. Əliyev bu vəzifənin icrasına qədər Naxçıvan Muxtar Respublikasının Hərbi Məhkəməsinin sədri vəzifəsində çalışıb.  Sonda hər iki məsələ səsə qoyularaq qəbul edilib.  Kamil HƏMZƏOĞLU  ', 'siyaset')"

"('İlham Əliyev görüşlər keçirib – YENİLƏNİB + FOTOAzərbaycan Respublikasının prezidenti İlham Əliyev fevralın 13-də Almaniya İqtisadiyyatının Şərq Komitəsinin sədri Volfqanq Büxelenin başçılıq etdiyi nümayəndə heyətini qəbul edib. Oxu.Az-ın xəbərinə görə, bu barədə Azərbaycan prezidentinin mətbuat xidməti məlumat yayıb. 09:50 Azərbaycan Respublikasının prezidenti İlham Əliyev fevralın 13-də Formula-1 qrupunun baş icraçı direktoru Çeyz Kerini qəbul edib. Oxu.Az xəbər verir ki, bu barədə Azərbaycan prezidentinin mətbuat xidməti məlumat yayıb. E.Ə.  ', 'siyaset')"

"('Azərbaycan seçkiləri müşahidə etmək üçün ATƏT-ə dəvət göndəribAzərbaycan ATƏT-in Demokratik Təsisatlar və İnsan Haqları Bürosuna prezident seçkilərini müşahidə etməklə bağlı dəvət göndərib. Oxu.Az APA-ya istinadən xəbər verir ki, bu barədə ATƏT DTİHB-nun mətbuat ofisindən məlumat verilib. Bildirilir ki, hazırda ehtiyacların qiymətləndirilməsi missiyasının formalaşdırılması ilə bağlı işlər aparılır: “Planlaşdırma davam etdiyi üçün hələlik onların səfəri və tərkibi barədə məlumat yoxdur”. Qeyd edək ki, Azərbaycanda prezident seçkiləri aprelin 11-də keçiriləcək. A.M.  ', 'siyaset')"

"('Səfərbərlik xidmətinin hərbi qulluqçuları təltif olundu – SİYAHIPrezident İlham Əliyev Səfərbərlik və Hərbi Xidmətə Çağırış üzrə Dövlət Xidmətinin hərbi qulluqçularının təltif edilməsi haqqında sərəncam imzalayıb. Oxu.Az-ın məlumatına görə, xidməti vəzifələrini və qarşısında qoyulmuş tapşırıqları yerinə yetirərkən fərqləndiklərinə görə Səfərbərlik və Hərbi Xidmətə Çağırış üzrə Dövlət Xidmətinin aşağıdakı hərbi qulluqçuları təltif ediliblər: 3-cü dərəcəli “Vətənə xidmətə görə” ordeni ilə Salmanov Səxavət İbrahim oğlu – general-mayor Əliyev Azad Hüseyn oğlu – polkovnik “Hərbi xidmətlərə görə” medalı ilə Qarayev Natiq Sahib oğlu – polkovnik Hüseynov Anar Rövşən oğlu – polkovnik-leytenant Hüseynov Fuad Qəşəm oğlu – polkovnik-leytenant Mirzəyev Vüqar Mirzə oğlu – polkovnik-leytenant Zamanov Sultan Valeh oğlu – polkovnik-leytenant Abbasov Elşən Kamran oğlu – mayor Ağayev Rahim Əlifağa oğlu – mayor Cəfərov Elməddin Qulu oğlu – mayor.   ', 'siyaset')"

"('Prezident uşaq bağçalarının tikintisinə 19,6 milyon manat ayırdıPrezident İlham Əliyev fevralın 12-də Azərbaycan Respublikasının regionlarında uşaq bağçalarının tikintisi ilə bağlı tədbirlər haqqında sərəncam imzalayıb.  Oxu.Az-ın məlumatına görə, sərəncamda bildirilir ki, son illərdə ölkədə məktəbəqədər təhsil müəssisələrinin inkişafı istiqamətində mühüm addımlar atılıb, müxtəlif şəhər və rayonlarda məktəbəqədər təhsil müəssisələrinin tikintisi, əsaslı təmiri və bərpası istiqamətində uğurlu işlər görülüb.  Əhalisi 306 mindən çox olan 15 şəhər və rayonda ümumilikdə 1230 yerlik 15 uşaq bağçasının tikintisi məqsədilə Azərbaycan Respublikası Prezidentinin 2018-ci il 22 yanvar tarixli 3593 nömrəli Sərəncamı ilə təsdiq edilmiş “Azərbaycan Respublikasının 2018-ci il dövlət büdcəsində dövlət əsaslı vəsait qoyuluşu (investisiya xərcləri) üçün nəzərdə tutulan vəsaitin bölgüsü”nün 1.43.7-ci yarımbəndində göstərilmiş məbləğin 19 577 000 manatı Azərbaycan Respublikası Ərazilərinin Bərpası və Yenidən Qurulması üzrə Agentliyə ayrılıb. Nazirlər Kabinetinə sərəncamdan irəli gələn məsələləri həll etmək, Maliyyə Nazirliyinə müvafiq məbləğdə maliyyələşməni təmin etmək tapşırılıb. Azərbaycan Respublikasının regionlarında uşaq bağçalarının tikintisi ilə bağlı xərclərin bölgüsünə dair siyahı.  ', 'siyaset')"

"('İlham Əliyev general rütbəsi verdiMayıl Şahverdiyevə general-mayor ali hərbi rütbəsi verilib. Oxu.Az-ın məlumatına görə, bu barədə prezident İlham Əliyev sərəncam imzalayıb. Qeyd edək ki, Şahverdiyev Mayıl Seminar oğlu Səfərbərlik və Hərbi Xidmətə Çağırış üzrə Dövlət Xidmətinin rəis müavinidir.  ', 'siyaset')"

"('Mehriban Əliyeva Vatikan nümayəndə heyəti ilə görüşüb – FOTOAzərbaycanın I vitse-prezidenti, Heydər Əliyev Fondunun prezidenti Mehriban Əliyeva Müqəddəs Taxt-Tacın xarici dövlətlərlə əlaqələr üzrə katibi arxiyepiskop Pol Riçard Gallagerin başçılıq etdiyi nümayəndə heyəti ilə görüşüb. Oxu.Az-ın məlumatına görə, M. Əliyeva bu səfərin ölkəmizlə Müqəddəs Taxt-Tac arasında münasibətlərin inkişafına təkan verəcəyinə əminliyini ifadə edib. M. Əliyeva Azərbaycanın ölkələrimiz arasında olan münasibətlərə böyük əhəmiyyət verdiyini bildirib. Qeyd edib ki, son illər yüksək səviyyədə keçirilən görüşlər, səfərlər, 2002-ci ildə Roma Papası II İohann Pavelin, 2016-cı ildə Roma Papası I Fransiskin Azərbaycana səfərləri bu münasibətlərdə yeni tarixi səhifə açıb. Azərbaycanda əsrlər boyu müxtəlif dinlərin, mədəniyyətlərin, millətlərin nümayəndələrinin sülh və qarşılıqlı hörmət şəraitində yaşadıqlarını deyən M. Əliyeva xalqımızın bu tolerantlığı, dözümlülük ab-havasını, əmin-amanlığı çox yüksək qiymətləndirdiyini vurğulayıb və bildirib ki, bu, həm Azərbaycan dövlətinin siyasəti, həm də Azərbaycan cəmiyyətinin həyat tərzidir:  “Bu, Azərbaycanın ən böyük sərvətlərindən biridir və eyni zamanda, heç də sabit olmayan dünyaya vacib bir mesajdır. Belə münasibəti həm Azərbaycanda qoruyuruq, həm də dünyada təbliğ edirik”. Son illər Heydər Əliyev Fondu ilə Vatikan arasında mövcud əlaqələrdən məmnunluğunu ifadə edən M. Əliyeva birgə reallaşdırılan irimiqyaslı layihələrin əhəmiyyətini vurğulayıb. Azərbaycanın dövlət müstəqilliyinin bərpa olunmasının və ölkələrimiz arasında diplomatik əlaqələrin qurulmasının 20-ci ildönümləri münasibətilə 2011-2012-ci illərdə Vatikanda Pol Riçard Gallagerin dəstəyi ilə böyük tədbirlərin keçirildiyini, Vatikan muzeylərindən birində Azərbaycanın tarixini, ənənələrini əks etdirən sərginin təşkil olunduğunu xatırladan I vitse-prezident bildirib ki, Azərbaycan Vatikan muzeyində sərgini keçirən ilk müsəlman ölkəsi olması ilə fəxr edir. M. Əliyeva Azərbaycanın, eyni zamanda, məşhur xristian abidələrinin qorunmasına öz töhfəsini verdiyini diqqətə çatdıraraq bildirib ki, rəhbərlik etdiyi Heydər Əliyev Fondunun dəstəyi ilə Müqəddəs Marçellinio və Pietro katakombalarının bərpası işləri görülüb və 2016-cı ildə katakombalar ictimaiyyət üçün açılıb.  “Çox şadam ki, Heydər Əliyev Fondu bu layihədə iştirak edib”, - deyən I vitse-prezident diqqətə çatdırıb ki, Fond Piyo-Klementino muzeyində Zevsin heykəlinin bərpasında, o cümlədən “Sistina” zalında yenidənqurma işlərinin aparılmasında iştirak edib. M. Əliyeva tədqiqatçılarımıza Vatikanın məxfi arxivində çalışmaq imkanı yaradıldığına görə minnətdarlığını bildirib. Qeyd edib ki, Azərbaycan ilə Müqəddəs Taxt-Tac arasındakı münasibətlər təqdirəlayiqdir. O, gələcəkdə də belə layihələrin davam etdirilməsinə hazır olduğunu deyib və bildirib ki, hazırda müqəddəs Sebastyan katakombalarında sərdabaların bərpası davam edir və bu ilin sonunda bu layihənin başa çatacağı nəzərdə tutulur. Bu illər ərzində işbirliyinin dostluq səviyyəsinə yüksəldiyini deyən M. Əliyeva buna görə minnətdarlığını bildirib, gələcəkdə də bu dostluğun davam edəcəyinə əminliyini ifadə edib. Müqəddəs Taxt-Tacın xarici dövlətlərlə əlaqələr üzrə katibi arxiyepiskop Pol Riçard Gallager isə ölkəmizdə üç gün ərzində olduğunu, səfərin ona gözəl təəssürat bağışladığını, səmərəli görüşlərin keçirildiyini deyib, xalqımızın qonaqpərvərliyini yüksək dəyərləndirib. Qonaq ölkəmizə səfəri çərçivəsində katolik icması ilə görüşdüyünü diqqətə çatdırıb.  ', 'siyaset')"

"('Arzu Rəhimov ordenlə təltif edilibAzərbaycan prezidenti İlham Əliyev Arzu Yusif oğlu Rəhimovun II dərəcəli “Vətənə xidmətə görə” ordeni ilə təltif edilməsi haqqında sərəncam imzalayıb. Oxu.Az-ın məlumatına görə, A. Rəhimov Azərbaycan dövlətçiliyinə sadiqlik göstərərək vəzifə borcunu ləyaqətlə və yüksək peşəkarlıqla yerinə yetirdiyinə görə təltif edilib.  ', 'siyaset')"

"('Ombudsman Xocalı soyqırımının 26-cı ildönümü ilə bağlı bəyanat yaydıAzərbaycan Respublikasının insan hüquqları üzrə müvəkkili (Ombudsman) Xocalı soyqırımının 26-cı ildönümü ilə əlaqədar bəyanat yayıb.  Ombudsman Aparatından Oxu.Az-a verilən məlumata görə, bəyanat BMT-nin baş katibinə, BMT-nin Təhlükəsizlik Şurasına, BMT-nin İnsan Hüquqları üzrə Ali Komissarına, BMT-nin Qaçqınlar üzrə Ali Komissarına, YUNİSEF-ə, Avropa İttifaqına, Avropa Şurasına, ATƏT-ə, Beynəlxalq və Avropa Ombudsmanlar İnstitutlarına, Asiya Ombudsmanlar Assosiasiyasına, İslam Əməkdaşlıq Təşkilatına və bu quruma üzv dövlətlərin Ombudsmanlar Assosiasiyasına, Avropa Uşaq Hüquqları Ombudsmanları Şəbəkəsinə, Beynəlxalq Sülh Bürosuna, müxtəlif ölkələrin ombudsmanlarına, Azərbaycanın xarici ölkələrdəki və xarici ölkələrin Bakıdakı səfirliklərinə, Azərbaycanın diaspor təşkilatlarına göndərilib.  Bəyanatda deyilir ki, 1992-ci il fevralın 25-dən 26-na keçən gecə Azərbaycanın Xocalı şəhərində erməni silahlı birləşmələrinin keçmiş sovet ordusunun Xankəndindəki 366-cı motoatıcı alayı ilə birgə törətdiyi cinayət beynəlxalq hüquq baxımından məhz soyqırımı kimi qiymətləndirilməlidir:  “Bu alayın çoxsaylı ağır texnikası qəfildən şəhərə yeridilib, cinayətkarlar şəhəri tərk etmək məcburiyyətində qalan dinc azərbaycanlıları amansızcasına qətlə yetirib, yaşayış evləri və sosial infrastruktur tamamilə dağıdılıb və yandırılıb.Xocalı soyqırımı zamanı 613 nəfər soydaşımızın, o cümlədən 106 qadın, 63 uşaq, 70 qocanın həyatına son qoyulub, yüzlərlə dinc sakin ağır yaralanıb, 1275 nəfər girov götürülüb. Həmin kütləvi qırğın həyata keçirilərkən 8 ailə bütünlüklə məhv edilib, 25 uşaq hər iki valideynini, 130 uşaq isə valideynlərinin birini itirib, əsir və girov götürülənlərə amansız işgəncələr verilib. Bu zaman insanların əsas hüquqları, ən başlıcası, yaşamaq hüququ kütləvi şəkildə pozulub.  Bu faciə erməni millətçilərinin və onların havadarlarının Azərbaycan xalqına qarşı uzun müddət məqsədyönlü şəkildə davam etdirilən etnik təmizləmə və soyqırımı siyasətini bir daha təsdiq etmiş, məqsədi soydaşlarımızı öz tarixi torpaqlarından qovmaq və əzəli Azərbaycan ərazilərində “Böyük Ermənistan” dövləti yaratmaq olmuşdur. Bu hadisələr sırasında 100 illiyini qeyd etdiyimiz, 31 mart 1918-ci il tarixdə azərbaycanlılara qarşı törədilən, dünya tarixində özünün ağır nəticələri ilə seçilən soyqırımı da xüsusi yer tutur. Xocalı soyqırımını törətməklə hərbi təcavüzün miqyasını daha da genişləndirən və ölkəmizin ayrılmaz tərkib hissəsi olan Dağlıq Qarabağı və ətraf yeddi rayonu işğal edən Ermənistanın apardığı etnik təmizləmə siyasəti nəticəsində torpaqlarımızın 20 faizi işğala məruz qalmış, 20 min soydaşımızın həyatına son qoyulmuş, bir milyondan çox soydaşımız qaçqın və məcburi köçkün vəziyyətinə düşmüş, onların hüquqları kütləvi şəkildə kobudcasına pozulmuşdur. Bu işğal zamanı erməni millətçiləri və terrorçuları Xocalı şəhərindən başqa, Azərbaycanın Kərkicahan, Malıbəyli, Quşçular, Qaradağlı, Ağdaban kəndlərində və digər yaşayış məntəqələrində də kütləvi qırğınlar törədiblər.  Ümummilli liderimiz Heydər Əliyevin 1994-cü ildə Xocalı soyqırımı ilə bağlı xüsusi müraciəti olmuş, həmin ilin fevralında Azərbaycan Respublikasının Milli Məclisi Xocalı soyqırımına hüquqi-siyasi qiymət vermişdir. İşğal edilmiş Dağlıq Qarabağ və yeddi ətraf rayonun Azərbaycan Respublikasının ayrılmaz tərkib hissəsi olduğunu beynəlxalq hüquq, o cümlədən BMT Təhlükəsizlik Şurasının 1993-cü il tarixli məlum 822, 853, 874 və 884 saylı Qətnamələri, BMT Baş Məclisinin “Azərbaycanın işğal olunmuş ərazilərində vəziyyət” adlı 14 mart 2008-ci il tarixli Qətnaməsi, AŞPA-nın 2005-ci il tarixli 1416 saylı qətnaməsi və 1690 saylı tövsiyəsi, Avropa Parlamentinin Dağlıq Qarabağla bağlı 23 oktyabr 2013-cü il tarixli qətnaməsi bir daha sübut edir. Lakin erməni tərəfi hər zaman olduğu kimi, qeyri-konstruktiv mövqe nümayiş etdirərək, atəşkəs rejimini mütəmadi olaraq pozur, regionda sülhün bərqərar olmasına maneçilik törədir. Ermənistanın mülki əhaliyə qarşı yönəlmiş soyqırımı siyasəti bu gün də davam etdirilir, dinc əhalinin, o cümlədən uşaqların qətlə yetirilməsi ilə nəticələnir.Azərbaycan tərəfi 30 ilə yaxın davam edən bu təcavüzə son qoyulmasına, sülhün bərqərar olunmasına mütəmadi olaraq səylər göstərir. Azərbaycan Respublikasının Prezidenti İlham Əliyev münaqişənin beynəlxalq hüququn norma və prinsiplərinə uyğun olaraq, ölkəmizin ərazi bütövlüyü çərçivəsində həll edilməsinin, zəbt edilmiş Azərbaycan torpaqlarından işğalçı qüvvələrin çıxarılmasının zəruriliyi ilə bağlı ədalətli mövqeyini dəfələrlə nüfuzlu beynəlxalq qurumların, o cümlədən BMT Baş Məclisinin tribunalarından bəyan edib. Hər il olduğu kimi, bu il də həmin soyqırımını dünya ictimaiyyətinin diqqətinə çatdırılması məqsədilə müvafiq Sərəncamla “Xocalı soyqırımının iyirmi altıncı ildönümünün keçirilməsinə dair tədbirlər planı” təsdiq edilmiş və icra olunur.Heydər Əliyev Fondunun vitse-prezidenti Leyla Əliyevanın təşəbbüsü ilə bir çox ölkələrdə və şəhərlərdə həyata keçirilən “Xocalıya ədalət!” beynəlxalq təbliğat kampaniyası Xocalı faciəsini dünyaya soyqırımı aktı kimi tanınmasında mühüm rol oynayır. İslam Əməkdaşlıq Təşkilatı Ermənistanı təcavüzkar, Xocalı faciəsini isə soyqırımı kimi tanıyan ilk beynəlxalq təşkilatdır. Artıq Meksika, Kolumbiya, Peru, Pakistan, Bosniya və Herseqovina, Rumıniya, Çexiya, Sudan, İordaniya, Honduras, Qvatemala, Panama, Sloveniya, Cibuti və Paraqvay parlamentləri Xocalı soyqırımını beynəlxalq hüquq normalarına əsaslanaraq tanımışlar.ABŞ-ın 22 ştatı - Massaçusets, Texas, Nyu-Cersi, Meyn, Nyu-Meksika, Arkanzas, Corciya, Oklahoma, Tennesi, Pensilvaniya, Konnektikut, Florida, Missisipi, Vest Virciniya, İndiana, Yuta, Nebraska, Havay, Montana, Arizona, Aydaho və Nevada ştatlarının qanunverici orqanlarında da müvafiq qətnamələr qəbul olunub. Xocalıda erməni qəsbkarları tərəfindən törədilən bu kütləvi insan qırğını genosid faktıdır və insanlığa qarşı ən ağır cinayətlərdəndir. Belə ki, BMT Baş Məclisinin 1946-cı il 11 dekabr tarixli 96 (I) saylı qətnaməsində göstərilir ki, genosid insan qruplarının yaşamaq hüququnu pozmaqla yanaşı, BMT-nin məqsəd və vəzifələrinə, ümumbəşəri dəyərlərə tamamilə ziddir və dünya birliyi tərəfindən pislənir. Genosid cinayətinin əlamətləri BMT Baş Məclisinin 9 dekabr 1948-ci il tarixli 260 (III) saylı qətnaməsi ilə qəbul olunmuş “Genosid cinayətinin qarşısının alınması və cəzalandırılması haqqında” Konvensiyada müəyyən edilmişdir. Xocalı soyqırımı zamanı baş vermiş cinayət əməllərinin qabaqcadan düşünülmüş qaydada, milli əlamətinə görə insanların kütləvi şəkildə məhv edilməsi niyyəti ilə törədilməsi onun genosid aktı olduğunu sübut edir. Azərbaycana qarşı təcavüz zamanı bu Konvensiyada təsbit olunmuş genosid cinayətini təşkil edən bütün əməllər tətbiq olunmuşdur. Lakin təəssüf ki, tarix boyu azərbaycanlılara qarşı törədilən soyqırımı aktları, o cümlədən Xocalı soyqırımı beynəlxalq aləmdə hələ də öz hüquqi-siyasi qiymətini almamış, bu beynəlxaq cinayəti təşkil edənlər və törədənlər məsuliyyətə cəlb edilməmiş, onlara layiq olduqları cəzalar verilməmiş və bu məqsədlə hər hansı bir tədbir görülməyb. Həmin faciə zamanı qətlə yetirilənlərin, şəhidlərimizin əziz xatirəsini dərin hüznlə yad edərək, yuxarıda qeyd olunanları, habelə beynəlxalq hüququn norma və prinsiplərini rəhbər tutaraq, bildirirəm ki, bu hadisə xüsusi beynəlxalq komissiya tərəfindən araşdırılmalı, səlahiyyətli beynəlxalq qurumlar tərəfindən genosid aktı kimi tanınmalı, cinayət törədənlərə qarşı cəza tədbirləri tətbiq edilməlidir. Hər bir dövləti, beynəlxalq təşkilatları bir daha bu soyqırımını ədalət naminə tanımağa, onu törədənlərin cəzalandırılması üçün həmrəyliyə və səyləri artırmağa çağırıram. 26 il əvvəl törədilmiş Xocalı soyqırımına beynəlxalq miqyasda hüquqi-siyasi qiymət verilməli, Ermənistan münaqişə ilə bağlı qəbul olunmuş məlum beynəlxalq sənədlərin qərarlarına riayət etməli, Azərbaycanın ərazi bütövlüyü, qaçqın və məcburi köçkün soydaşlarımızın pozulmuş hüquqları bərpa olunmalı, azərbaycanlı əsir və girovlar azad edilməli, onlar öz doğma yurdlarına qayıtmalı, habelə günahsız, dinc insanları qətlə yetirən cinayətkarlar tezliklə ədalət məhkəməsi qarşısında cavab verməli və cəzalandırılmalıdır”.    ', 'siyaset')"

"('Parlamentin sabahkı iclasının gündəliyi bəlli olduFevralın 13-də Milli Məclisin növbəti plenar iclası keçiriləcək. Parlamentin mətbuat xidmətindən Oxu.Az-a bildiriblər ki, əvvəlcə iclasda R.Y.Rzayevin Azərbaycan Respublikası Ali Məhkəməsinin hakimi, Q.V.Əliyevin Naxçıvan Muxtar Respublikası Ali Məhkəməsinin hakimi təyin edilmələri, bələdiyyələrin fəaliyyətinə inzibati nəzarəti həyata keçirən orqanın illik məruzəsi haqqında müzakirələr aparılacaq. Bundan başqa, deputatlar “Ələt azad iqtisadi zonası haqqında”, “Azərbaycan Respublikası Hökuməti ilə Benilüks Dövlətləri Hökumətləri arasında xidməti pasport sahiblərinin viza tələblərindən azad edilməsi haqqında” Sazişin təsdiq edilməsi barədə, “Azərbaycan Respublikası Hökuməti ilə Macarıstan Hökuməti arasında avtomobil nəqliyyatı ilə beynəlxalq sərnişin və yük daşımaları haqqında” Sazişin təsdiq edilməsi barədə qanun layihələrini nəzərdən keçirəcəklər. İclasda İnzibati Xətalar Məcəlləsində, “Konstitusiya Məhkəməsi haqqında”, “Energetika haqqında”, “Elektroenergetika haqqında”, “Qaz təchizatı haqqında”, “Elektrik və istilik stansiyaları haqqında”, “Qaz təchizatı haqqında”, “Meliorasiya və irriqasiya haqqında”, “Bələdiyyələrin su təsərrüfatı haqqında”, “Daşınmaz əmlakın dövlət reyestri haqqında”, “Daşınmaz əmlakın dövlət reyestri haqqında”, “Hərbi vətənpərvərlik tərbiyəsində xidmətlərə görə” Azərbaycan Respublikası medalının təsis edilməsi ilə əlaqədar “Azərbaycan Respublikasının orden və medallarının təsis edilməsi haqqında” qanunlarda dəyişikliklər edilməsi barədə qanun layihələrinə baxılacaq. Eyni zamanda, iclasda “Əlilliyi olan şəxslərin hüquqları haqqında"" qanun layihəsi barədə müzakirələr aparılacaq. Kamil HƏMZƏOĞLU  ', 'siyaset')"

"('Qüdrət Həsənquliyevin namizədliyi irəli sürüldüBütöv Azərbaycan Xalq Cəbhəsi Partiyasının (BAXCP) İdarə Heyəti aprelin 11-də keçiriləcək növbədənkənar prezident seçkiləri ilə bağlı bəyanat yayıb. Oxu.Az-ın xəbərinə görə, bəyanatda bildirilir ki, BAXCP partiyanın sədri, millət vəkili Qüdrət Həsənquliyevin prezidentliyə namizədliyini irəli sürür. “Bir sıra radikal müxalifət partiyalarının sonuncu seçkilərdən keçən 4 il 6 ayda nail ola bilmədiyi dəyişikliklərə son 6 ayda  nail ola biləcəyini iddia edərək növbədənkənar prezident seçkilərinə qatılmadığını, bununla da bəzi xarici dairələrə Azərbaycan əleyhinə təbliğat kampaniyalarını genişləndirmələrinə zəmin yaratdığını təəssüflə qeyd edərək, seçkilərdə vahid namizədlə iştiraka dair bir sıra partiyalarla aparılan müzakirələrin hələlik yekun nəticəyə varmadığını, seçkilərin rəsmən elan olunduğunu və bu səbəbdən partiyanın seçkilərdə iştirakla bağlı qərar qəbul etməsi və seçkilərə hazırlığı üçün vaxtının məhdud olacağını önə çəkərək, Azərbaycan Respublikası Prezidentinin növbədənkənar seçkilərinə öz namizədi ilə qatıldığını və partiyanın sədri, BAXCP İdarə Heyəti prezidentliyə namizədlərin öz namizədliklərini geri götürmələri üçün Seçki Məcəlləsində nəzərdə tutulmuş son müddətədək vahid namizədin müəyyənləşdirilməsi ilə bağlı müzakirələri davam etdirəcəyini bildirir”, - deyə bəyanatda qeyd olunub.  İdarə Heyətinin qərarına əsasən, partiya sədrinin müavini Elçin Mirzəbəyli BAXCP-nin səlahiyyətli nümayəndəsi, maliyyə şöbəsinin müdiri İlqar Məmmədxanov isə maliyyə məsələləri üzrə səlahiyyətli nümayəndə təyin ediliblər. Bu gün BAXCP sədrinin prezidentliyə namizədliyinin irəli sürülməsinin təsdiqi üçün sənədlər Mərkəzi Seçki Komissiyasına təqdim olunub. Kamil HƏMZƏOĞLU  ', 'siyaset')"

"('Xocalı soyqırımının 26-cı ildönümü ilə bağlı tədbirlər planı təsdiqləndi“Xocalı soyqırımının iyirmi altıncı ildönümünün keçirilməsinə dair tədbirlər planı” təsdiq edilib. Oxu.Az-ın xəbərinə görə, Azərbaycan Prezidenti Administrasiyasının rəhbəri Ramiz Mehdiyev bununla bağlı sərəncam imzalayıb.  Tədbirlər planında Bakının Xətai rayonunda, Goranboy rayon mərkəzində və Ağcakənd qəsəbəsində Xocalı soyqırımı qurbanlarının xatirəsinə ucaldılmış abidələrin önünə əklil qoyulması mərasimlərinin keçirilməsi, ictimaiyyət nümayəndələri tərəfindən Şəhidlər xiyabanının ziyarət edilməsi, Azərbaycanın xarici ölkələrdəki səfirliklərində, nümayəndəliklərində, konsulluqlarında və diaspor təşkilatlarında soyqırımı ilə bağlı tədbirlərin (mətbuat konfranslarının, anım mərasimlərinin və s.) təşkili, xarici və yerli kütləvi informasiya vasitələri, o cümlədən teleradio kanallarında qanlı qırğını əks etdirən materialların yayılması və internet şəbəkəsində mütəmadi olaraq yenilənməsi nəzərdə tutulub. Bundan başqa, ölkədə fəaliyyət göstərən dini konfessiya və qurumlar tərəfindən Xocalı soyqırımı qurbanlarının xatirəsinə həsr olunan anım mərasimləri təşkil ediləcək, idarə və təşkilatlarda, təhsil və mədəniyyət müəssisələrində xatirə gecələri, foto-rəsm sərgiləri, şahidlərlə görüşlər keçiriləcək, Azərbaycanın ərazi bütövlüyü uğrunda mübarizəyə həsr olunan sənədli və bədii filmlər göstəriləcək. Xocalılıların müvəqqəti məskunlaşdıqları şəhər və rayonlarda (Bakı, Sumqayıt, Gəncə, Mingəçevir, Şəki, Goranboy, Bərdə, Sabirabad, Göyçay, Zaqatala, Oğuz, Balakən) dövlət qurumları rəhbərlərinin, Milli Məclisin deputatlarının və ziyalıların şəhid ailələri ilə görüşləri təşkil olunacaq. Fevralın 26-da təhsil müəssisələrində ilk dərslər Xocalı soyqırımına həsr olunacaq, həmin gün saat 17:00-da bütün ölkə ərazisində Xocalı soyqırımı qurbanlarının xatirəsi bir dəqiqəlik sükutla yad ediləcək, Xocalı soyqırımı günü ilə əlaqədar respublikanın şəhər və rayonlarında, kənd və qəsəbələrində Azərbaycanın dövlət bayraqları endiriləcək.  ', 'siyaset')"

"('Nazir: Suriyadakı erməni əsilli qaçqınlar Qarabağda yerləşdirilirXarici işlər naziri Elmar Məmmədyarov ölkəmizdə səfərdə olan Vatikanın xarici dövlətlərlə əlaqələr üzrə katibi Pol Riçard Qalaqerin başçılıq etdiyi nümayəndə heyətini qəbul edib. XİN-in mətbuat xidmətindən Oxu.Az-a verilən məlumata görə, tərəflər Azərbaycanla Vatikan arasında əlaqələrin inkişafından məmnun olduqlarını ifadə ediblər. 24-27 sentyabr 1997-ci ildə Azərbaycan prezidenti Heydər Əliyevin və 6 mart 2015-ci il tarixində Azərbaycan prezidenti İlham Əliyevin Vatikana rəsmi səfərlərinin, eləcə də Roma Papası II İoan Pavelin 2002-ci ilin may ayının 22-də və Papa Fransiskin 2016-cı il oktyabr ayının 2-də ölkəmizə həyata keçirdikləri tarixi səfərlərin Azərbaycan-Vatikan əlaqələrində yeni mərhələ açdığı xüsusilə qeyd olunub. Azərbaycanın tarixən müxtəlif mədəniyyətlər və dinlərin nümayəndələrinin sülh şəraitində birgə yaşadığı məkan olduğunu bildirən nazir E. Məmmədyarov Azərbaycanın milli tolerantlıq ənənələri əsasında dünyada sülh şəraitində birgə yaşayış, qarşılıqlı hörmət və multikulturalizm ideyalarını təşviq etdiyini diqqətə çatdırıb. Bu xüsusda ölkəmizin təşəbbüsü ilə keçirilən Beynəlxalq Humanitar Forum və Mədəniyyətlərarası və Dinlərarası Dialoq Forumunun əhəmiyyəti vurğulanıb. Ölkəmizdə olmasından məmnunluğunu bildirən P. Qalaqer Azərbaycan prezidenti İlham Əliyev tərəfindən qəbul olunduğunu və görüş zamanı çox faydalı müzakirələrin aparıldığını bildirib, Azərbaycanda katolik icmasına göstərilə dəstək və qayğıya görə öz təşəkkürünü bildirən arxiyepiskop ölkəmizdə tolerantlıq səviyyəsini və digər dini icmalara hörməti yüksək qiymətləndirib. 2017-ci ilin Azərbaycanda “İslam Həmrəyliyi İli” elan olunduğunu bildirən E. Məmmədyarov Qafqaz Müsəlmanları İdarəsi və Dini Qurumlarla İş üzrə Dövlət Komitəsinin birgə təşkilatçılığı ilə “2017 - İslam Həmrəyliyi İli: Dinlər və mədəniyyətlərarası dialoq” mövzusunda beynəlxalq konfransın keçirildiyini və Vatikan nümayəndəsinin sözügedən konfransda iştirakını təqdirəlayiq hal kimi qiymətləndirib. Müqəddəs Taxt-tacın Mədəniyyət üzrə Pontifik Şurası ilə Heydər Əliyev Fondu arasında sıx əməkdaşlıq əlaqələrinin mövcud olduğunu qeyd edən tərəflər bu sahədə əməkdaşlığın daha da inkişaf etdirilməsində Azərbaycanın I vitse-prezidenti Mehriban Əliyevanın müstəsna rolunu qeyd ediblər. Heydər Əliyev Fondunun maliyyə dəstəyi ilə Vatikanda bir sıra tarixi abidələrin, ələlxüsus katakombaların bərpası məsələsi yüksək qiymətləndirilib. Ölkəmizin orta əsr tarixi ilə bağlı Vatikanın arxivlərində çoxlu sayda qiymətli sənədlərin mövcud olduğunu xatırladan E. Məmmədyarov sözügedən yazıların üzrə çıxarılmasında göstərdiyi dəstəyə görə Vatikana dərin təşəkkürünü bildirib və bu sahədə əməkdaşlığın davam etdirilməsinin vacibliyini vurğulayıb.  Görüş əsnasında nazir E. Məmmədyarov həmkarına Ermənistan-Azərbaycan Dağlıq Qarabağ münaqişəsinin həlli üzrə danışıqlar prosesi, Azərbaycanın haqlı və ədalətli mövqeyi, habelə, Ermənistanın Azərbaycanın işğal olunmuş ərazilərində Azərbaycan xalqına aid maddi-mədəni və dini irsin talan və məhv edilməsi siyasəti haqqında məlumat verib. Habelə, Ermənistan tərəfindən Suriyadan olan erməni əsilli qaçqınların qeyri-qanuni şəkildə işğal olunmuş Azərbaycan ərazilərində yerləşdirilməsinə toxunan nazir bildirib ki, işğal olunmuş ərazilərdə məskunlaşma siyasətinin aparılması və məqsədyönlü şəkildə demoqrafik tərkibin dəyişdirilməsi cəhdləri beynəlxalq humanitar hüququn kobud şəkildə pozulmasıdır. Nazir Ermənistanın işğalı nəticəsində bir milyondan artıq azərbaycanlının etnik təmizləməyə məruz qaldığını diqqətə çatdırıb.  Görüşdə bu gün dünyada artmaqda olan rasizm, ksenofobiya, etnik və dini zəmində nifrət meylləri, münaqişələrə dini don geyindirmək cəhdlərinə münasibətdə qarşılıqlı narahatlıq ifadə edilib.  Həmçinin, tərəflər Azərbaycan və Vatikan arasında əlaqələrin inkişafı, yüksək səviyyəli qarşılıqlı səfər mübadiləsi kimi məsələlər ətrafında fikir mübadiləsi aparıblar.  ', 'siyaset')"

"('Zahid Oruc prezidentliyə namizədliyini irəli sürdüMüstəqil millət vəkili Zahid Oruc aprelin 11-də keçiriləcək prezident seçkilərinə namizədliyini irəli sürüb. Bu haqda Oxu.Az-a millət vəkili özü məlumat verib. Z. Oruc bildirib ki, sənədlərini 2 gün öncə Mərkəzi Seçki Komissiyasına (MSK) təqdim edib. Onun sözlərinə görə, təşəbbüs qrupu tərəfindən müstəqil qaydada seçkilərə qatılıb. “Mətbuata açıqlamamda da bildirdiyim kimi, mən sadə bir ailənin övladıyam.Heç bir partiya mənsubiyyətinə malik deyiləm.Ölkəmizdə milyonlara insan partiyalı vəsiqə daşımır. Əgər zəhmətkeş bir ailənin təmsilçisi prezidentliyə namizəd ola bilirsə, deməli, Ulu öndər Heydər Əliyevin qurduğu ölkədə xəyallar gerçəkləşir.Mənə görə ən böyük sərvət insanların arzusudur.Vaxtilə böyük ideallarla yaşayan sadə amerikalılar kimi bizim də arzularımız var. Baxın,ölkəmizdə müstəqllik illərində doğulan nəslin artıq 27 yaşı var və onlar artıq yetkinləşir,həyatda öz uğurlu yerlərini tutmağa çalışırlar.Prezident seçkilərində bizim əsas hədəf qrupumuz onlar olacaq. Seçkilərin nəticələri birinci növbədə xalqa lazımdır. Biz ölkəmizin gələcəyinə inananların birliyinə nail olmalıyıq” - deyə, Z. Oruc sözlərinə əlavə edib. Qeyd edək ki, Z. Oruc prezidentliyə iddialı ikinci deputatdır. Xatırladaq ki, bu günə kimi prezident İlham Əliyev, KXCP sədri Mirmahmud Mirəlioğlu, Vətəndaş və İnkişaf Partiyasının sədri Əli Əliyev, Yeni AXCP-nin sədri Razi Nurullayev, Müasir Müsavat Partiyasının sədri Hafiz Hacıyev, Ağ Partiyanın sədri Tural Abbaslı, Milli Dirçəliş Hərəkatı Partiyasının sədri, deputat Fərəc Quliyev və Azərbaycan Liberal Demokrat Partiyasının lideri Fuad Əliyevin namizədliyi irəli sürülüb. Eyni zamanda qeyd edək ki, Z. Oruc ikinci dəfədir ki, prezident seçkilərinə qatılır. Belə ki, Z. Oruc sonuncu-2013-cü il prezident seçkilərində də namizəd kimi iştirak etmiş və 1, 46 faiz səs toplamışdı. Kamil HƏMZƏOĞLU  ', 'siyaset')"

"('Deputatdan “siyasi mühacirlər”ə: Kişi kimi mübarizə aparınMübarizəni kişi kimi apararlar: siyasi mübarizəni normal qəbul edirəm, harada seçki varsa, orada müxtəlif siyasi qütblərin mübarizəsi də var, ancaq təhqiramiz ifadələr heç kimə başucalığı gətirmir. Oxu.Az xəbər verir ki,  bunu millət vəkili Adil Əliyev deyib. “Deməli, Qərb ölkələrinə sığınan bəzi azərbaycanlılar prezidentimiz haqqında ağızlarına gələni danışır, təhqiramiz ifadələr işlədirlər və sosial şəbəklərdə bu səpkili görüntülər yayırlar. Olmaz belə! Ağlınızı başınıza yığın! Bəziləriniz burada quzu balası kimi idiniz, elə ki, Avropaya köçdünüz, “əjdahaya” dönmüsünüz, hamıya ağıl qoymağa çalışırsınız, xoşunuz gəlmədiyi insanları təhqir edirsiniz, əlinizə meqafon alıb özünüz kimi 3-4 nəfərlə Azərbaycanın səfirlikləri qarşısında bağırırsınız”, - deyən millət vəkilinin həmin şəxsləri başa düşdüyünü sözlərinə əlavə edib: “Başa düşürəm, Avropada oturum haqqı almağın ağır şərtləri var və bəziləriniz bu haqqı almaq üçün isbat eləməlisiniz ki, guya sizi Azərbaycanda siyasi fikirlərinizə görə təqib ediblər, nahaq yerə həbsə atıblar və s. İndi də Avropada ona görə qışqırıb-bağırırsınız ki, avropalı məmurlara Azərbaycanı siyasi səbəblərə görə tərk etdininizə inandıra biləsiniz. Ancaq avropalı məmurlar son illər xeyli təcrübə qazanıblar, bilirlər ki, bu kimi “izahların” çoxu sənədləriniz kimi saxtadır, həmin “sənədləri” də pulla müxtəlif partiyalardan almısınız. Təsadüfi deyil ki, son aylarda oturum almağın ən ağır olduğu Almaniyada neçə-neçə azərbaycanlını geri qaytarmağa qərar veriblər. Belələri hansı üzlə geri qayıdacaqlar? Axı, yalanları üzə çıxacaq, ona görə də eyvana çıxıb özünü atmaq istəyən və bununla almaniyalı məmurları hədələyənlər də var. Bir ölkəni qeyri-leqal şəkildə başqası ilə əvəz edib qabyuyan işləməyə hazır olan da az deyil. Nə deyim, bu, sizin öz seçiminizdir. Bizim seçimimiz isə vətənimizdə yaşayıb ölkəmizi inkişaf etdirmək, torpaqlarımızın işğaldan azad ediləcəyi günü yaxınlaşdırmaq və məmləkətimizdə problemlər varsa, onların həllinə nail olmaqdır”. Millət vəkili həmin şəxslərə səslənərək qeyd edib ki, Azərbaycan prezidenti ilə Berlində, Parisdə “mübarizə” aparmaqdansa, torpaqlarımızı işğal edən Ermənistan prezidenti ilə mübarizə aparın, onun şəklini ayaqyolundan asın, asfalta şəklini vurun: “Xaricə qaçmısınız, bu, öz işinizdir, Azərbaycanı bəyənmirsiniz, buna da qarışmıram, ancaq gedib vətənə və dövlətimizin atributlarına təhqir yağdırmayın. Azərbaycan prezidenti ilə Berlində, Parisdə mübarizə aparmaqdansa, torpaqlarımızı işğal edən Ermənistan prezidenti ilə mübarizə aparın, onun şəklini ayaqyolundan asın, asfalta şəklini vurun! Budur əsl vətənpərvərlik. Yox, əgər Azərbaycanda dəyişiklik istəyirsinizsə, qayıdın ölkəyə, istədiyiniz müxalifət partiyasının üzvü olun və burada mübarizənizi aparın, Berlində, Parisdə bağırmaqla Azərbaycanı dəyişə bilməyəcəksiniz, belə dəyişiklik heç kimə lazım da deyil! Prezidentimizin də dediyi kimi, cəmiyyət sizin təriflədiyiniz 1990-cı illərin əvvəllərini yaşayıb, bir daha həmin günlərə qayıtmaq istəmir. Sizin Avropadan bağırtılarınız da o illərin xaosunu, anarxiyasını xatırladır. Nə yaxşı ki, qürbətdə yaşayan azərbaycanlıların içərisində ölkəsini sevən, Azərbaycan prezidentinin siyasətini dəstəkləyən, erməni lobbisi ilə mübarizə aparan soydaşlarımız çoxluq teşkil edir. Çünki onlar saxtakar vətənpərvərlərdən fərqli olaraq, prezidentin bütün ölkəni və milləti təmsil etdiyini anlayır, prezidentə qarşı deyil, Azərbaycanın düşmənlərinə qarşı mübarizə aparırlar. Mən onların bir çoxunu şəxsən tanıyıram, Avropa ölkələrinə səfərlərim zamanı onlarla görüşüb fikir mübadiləsi aparmışam və erməni lobbisi ilə mübarizədə mümkün olan kömək və dəstəyimi də əsirgəməmişəm”. Kamil HƏMZƏOĞLU  ', 'siyaset')"

"('Deputat “Metsamor”la bağlı məsələ qaldırdıErmənistanın “Metsamor” Atom Elektrik Stansiyası (AES) region üçün birbaşa ciddi təhlükə mənbəyinə çevrilib. Oxu.Az xəbər verir ki, bunu GUAM Parlament Assambleyasında (PA) Azərbaycan nümayəndə heyətinin üzvü Əli Məsimli Litvanın paytaxtı Vilnüs şəhərində Baltik Assambleyasının (BA) alternativ və bərpa olunan enerji məsələlərinə həsr olunmuş müzakirələrində çıxışı zamanı deyib. O qeyd edib ki, çıxış zamanı dünyada alternativ və bərpa olunan mənbələr hesabına elektrik enerjisi istehsalının sürətlə artdığını nəzərə çatdırıb: “Qeyd etdim ki, həmin enerji növlərinin maya dəyəri sürətlə aşağı düşdüyündən rəqabət qabiliyyəti də artır və bu da istehsalın sürətlə genişləndirilməsini sərfəli edir. Bu gedişlə alternativ enerji alternativsiz olub, nəinki neft və qazı, həm də atom enerjisini əvəz edəcək. Diqqətə çatdırdım ki, ötən əsrin 70-ci ilərində istismara verilmiş “Metsamor” AES  köhnəlib, müasir standartlara cavab vermir və seysmik zonada yerləşir. Ona görə də “Metsamor” region üçün birbaşa ciddi təhlükə mənbəyinə çevrilib”. Bununla əlaqədar olaraq Ə.Məsimli beynəlxalq ictimaiyyəti, beynəlxalq qurumları, o cümlədən  Avropa İttifaqını bu məsələyə diqqəti artırmağa və “Metsamor”un  bağlanması, təhlükəsiz yolla istismardan çıxarılması üçün Ermənistan hökumətinə təsir göstərməyə çağırdığını sözlərinə əlavə edib. Kamil HƏMZƏOĞLU  ', 'siyaset')"

"('XİN təyyarə qəzasında ölən azərbaycanlı ilə bağlı məlumat yaydıAzərbaycan Xarici İşlər, Fövqəladə Hallar və Daxili İşlər nazirlikləri əlaqələndirilmiş şəkildə Saratov hava yollarına məxsus Moskva-Orsk reysi ilə uçuş həyata keçirən təyyarədə baş vermiş qəzada həlak olduğu bildirilən şəxsin Azərbaycan vətəndaşı olmasını araşdırıb. Bunu Oxu.Az-a XİN-nin mətbuat xidmətinin rəhbəri Hikmət Hacıyev bildirib.  H.Hacıyev qeyd edib ki, Xarici İşlər Nazirliyi, Fövqəladə Hallar Nazirliyi və Daxili İşlər Nazirliyi tərəfindən əlaqələndirilmiş şəkildə Saratov hava yollarına məxsus Moskva-Orsk reysi ilə uçuş həyata keçirən təyyarədə baş vermiş qəzada həlak olduğu bildirilən şəxsin Azərbaycan vətəndaşı olması araşdırılıb: “Təyyarə qəzasında həlak olduğu bildirilən 5 may 1971-ci il təvəllüdlü, Yevlax rayon sakini Qəhrəmanov Namiq İnayət oğlu Azərbaycan Respublikasının vətəndaşıdır. Məsələ ilə əlaqədar Azərbaycanın Rusiyadakı Səfirliyi və aidiyyəti dövlət qurumları Rusiyanın müvafiq dövlət təşkilatları ilə təmasdadır”.     ', 'siyaset')"

"('Baş nazirin müavininin səlahiyyətləri dondurulubBaş nazirin müavini, Yeni Azərbaycan Partiyası (YAP) sədrinin müavini – icra katibi Əli Əhmədov aprelin 11-də Azərbaycan Respublikasında keçiriləcək prezident seçkilərində hakim partiyanın  səlahiyyətli nümayəndəsi təyin edilib. Bu barədə Oxu.Az-a YAP-ın mətbuat xidmətindən məlumat verilib. Qeyd olunub ki, Ə. Əhmədov Seçki Məcəlləsinin tələblərinə müvafiq olaraq, 2018-ci il fevralın 12-dən aprel ayının 11-dək baş nazirin müavini dövləti vəzifəsindən ödənişsiz məzuniyyətə çıxıb. Kamil HƏMZƏOĞLU  ', 'siyaset')"

"('İlham Əliyev Putinə başsağlığı verdiAzərbaycan prezidenti  İlham Əliyev Rusiya Federasiyasının prezidenti Vladimir Putinə Rusiyada baş vermiş dəhşətli təyyarə qəzası ilə bağlı başsağlığı verib. Oxu.Az xəbər verir ki, başsağlığında qeyd olunur: “Hörmətli Vladimir Vladimiroviç, Moskva vilayəti ətrafında baş vermiş və çoxsaylı insan tələfatına səbəb olmuş aviasiya qəzası barədə xəbər məni dərindən sarsıtdı. Sizə, həlak olanların doğmalarına və yaxınlarına, bütün Rusiya xalqına Azərbaycan xalqı adından və şəxsən öz adımdan dərin hüznlə başsağlığı verirəm”.  ', 'siyaset')"

"('Politoloq: Həmsədrlər ermənilərin başına ağıl qoymalıdırlar  2018-ci ilin yazında həm Azərbaycanda, həm Ermənistanda, o cümlədən də Rusiyada prezident seçkiləri gözlənilir. Bu siyasi hadisələrin Dağlıq Qarabağ münaqişəsinin nizamlanması ətrafındakı danışıqlar prosesinə necə təsir göstərəcək və ümumilikdə 2018-ci ildə Qarabağ münaqişəsindən nə gözləmək lazımdır? Bu barədə Oxu.Az-ın suallarını Milli Məclisin deputatı Rasim Musabəyov cavablandırır.\r   - Bildiyimiz kimi, bu yazda Ermənistanda, Rusiyada və Azərbaycanda prezident seçkiləri keçiriləcək. Necə düşünürsüz, seçki ili, həmçinin seçkiqabağı vəziyyət Qarabağ nizamlanması üzrə danışıqlar prosesinə necə təsir edəcək? - Prezident seçkiləri münaqişənin nizamlanmasına birbaşa təsir göstərmir, lakin bizdə seçkilərin aprelə keçirilməsi danışıqlar aparmaq üçün daha əlverişli şərait yaradır. Əks halda Ermənistanda seçkiləri, sonra orada hökumətin formalaşmasını, yay tətilləri, Azərbaycandakı seçkiləri gözləmək lazım gələr və beləliklə, 2018-ci il itə bilərdi. İndi isə bütün seçki prosesinin aprel ayında başa çatmasına görə danışıqlar prosesinin yubadılması üçün səbəb olmayacaq. Ona görə, bu, nizamlamada müsbət məqamı tutmaq üçün yaxşı imkandır. - Hazırda danışıqlar prosesi hansı mərhələdədir? - Azərbaycan XİN başçısının dediyi kimi, indi predmetli danışıqlar aparılır. Lakin onların nə ilə nəticələnəcəyini qabaqcadan söyləmək çətindir. - Bildiyimiz kimi, Ermənistanda parlament hakimiyyəti qurulacaq və artıq baş nazir əsas rol oynayacaq. Yeni baş nazir danışıqlarda yeni sima olacaq və artıq Azərbaycan prezidenti Serj Sarkisyanla deyil, yeni baş nazirlə görüşəcək. Yeni insan öz ölkəsində yeni vəzifədən danışıqlar prosesinə necə təsir göstərəcək? - Dövlət başçısı onsuz da prezident olacaq, sadəcə əsas hakimiyyət səlahiyyətləri hökumətin və onun başçısının əlində cəmləşəcək. Danışıqları isə xarici işlər nazirləri aparırlar və Edvard Nalbandyanın qalıb-qalmayacağını söyləmək çətindir, lakin düşünürəm ki, o vəzifəsini itirməyəcək. Ümumiyyətlə, mənə elə gəlir ermənilərin danışıqlar tərəfi ciddi dəyişməyəcək.  - 2018-ci illə bağlı hansı ümidləriniz var və bu il dəyişikliklərə gətirə bilərmi? - Mən düşünürəm ki, bu il nəticəli ola bilər, çünki alternativ hər kəsə aydındır. Əgər danışıqlar prosesində irəli çıxmaq hesabı ilə ciddi danışıqlar olmasa, onların alternativi kimi hərbi əməliyyatların bərpası və ən azı təmas xəttində vəziyyətin gərginləşməsi olacaq.  Düşünmürəm ki, bu, yaxşı variantdır, bu faktın dərk olunması ənənəvi olaraq ermənilərə hamilik edən və Minsk qrupunun həmsədrləri olan ölkələri – Fransa, Rusiya və ABŞ-ı tərpətməlidir. Onlar ermənilərə ağıl verməli, onların ərazi iddialarını məhdudlaşdırmalıdırlar və bu baş versə, nizamlamada inkişaf olacaq. Əks halda mən istisna etmirəm ki, yayda və ya payızda təmas xəttində neqativ proseslər başlaya bilər. R.Q.   ', 'siyaset')"

"('Deputatlar boykotdan danışdıBoykot olunmuşların boykot qərarının seçkiyə heç bir təsiri yoxdur və olmayacaq. Bunu Oxu.Az-a açıqlamasında millət vəkili Eldəniz Səlimov Milli Şuranın, Müsavat və Ümid Partiyalarının növbədənkənar 11 aprel seçkilərini boykot etməklə bağlı qərarlarına münasibətini bildirərkən deyib. Millət vəkili bildirib ki, əslində  həmin qüvvələr artıq neçə illərdir Azərbaycan cəmiyyəti və seçicisi tərəfindən boykot ediliblər: “Çünki Azərbaycan insanı, Azərbaycan seçicisi kimin kim olduğunu artıq yaxşı bilir, tanıyır. Azərbaycan vətəndaşını artıq 80-lərin sonları, 90-ların əvvəllərindəki kimi yalançı, quru, boş, gerçəkləşməsi mümkün olmayan vədlərlə aldatmaq mümkün deyil. Azərbaycan insanı, Azərbaycan vətəndaşı artıq şirin, boş vədlərə aldanıb, yenidən xəyal qırıqlığına uğramaq istəmir.  Ona görə də 1993-cü ilin yayı və payızından bəri hər dəfə həmin qüvvələrə öz layiqli qiymətini verir, onları boykot edir. Belə olan təqdirdə də, onların  növbəti boykot qərarı verməsi nəyi dəyişəcək ki?! İndiyə kimi verdikləri boykot qərarı nəyi dəyişib, nəyə təsir göstərib ki, son qərarları da nəyə təsir edə, nəyi dəyişə ki?!  Onsuz da onların son 20-25 ildə heç bir nüfuzları, dayaqları qalmayıb, cəmiyyət tərəfindən boykot, siyasi təcrid ediliblər, bu qərarları ilə isə  bir daha özlərini həm gülünc vəziyyətə salmış, həm də növbəti uğursuzluq, tam fiasko həddində olduqlarını nümayiş oldular. Əslində onların boykotdan başqa çarələri də qalmırdı. Seçkilərə getsəydilər, bir daha biabır olacaq, boykot ediləcəkdilər. Ona görə də həm aldıqları növbəti tapşırığı yerinə yetirmiş oldular, həm də özlərini guya ki, ""sığortaladılar"".  Ancaq qeyd etdiyim kimi, həmin qüvvələrin boykot qərarının seçkilərə heç biri təsiri yoxdur və olmayacaq. Azərbaycanda seçkilər hər zaman olduğu kimi, bu dəfə də beynəlxalq standartlara, demokratiya və şəffaflıq prinsiplərinə uyğun keçiriləcək. Seçkilərdə hər kəs üçün lazım olan şərait yaradılıb və yaradılacaq ki, əlavə bəhanələrə ehtiyac qalmasın. Seçkilər həm də alternativ namizədlərin iştirakı ilə keçiriləcək. Artıq hər kəsə də məlum olduğu kimi, bir neçə partiya seçkilərdə iştirak qərarını açıqlayıb və namizədini irəli sürüb.  Hətta, müstəqil şəxslərdən də namizədliyini irəli sürən, özünü sınamaq istəyən insanlar var. Bu baxımdan, heç kim, heç bir qüvvə Azərbaycanda keçiriləcək 11 aprel seçkilərinin üzərinə kölgə sala bilməz və bilməyəcək. Buna hər kəs əmin olsun.  Çünki demokratiya, demokratik seçki bizim, Azərbaycanın öz könüllü seçimidir”. Digər millət vəkili Kamilə Əliyeva da boykot qərarı verən qüvvələrin, radikalların növbəti addımlarının siyasi oyunbazlıqdan, cığallıqdan başqa bir şey olmadığını bildirib. Onun sözlərinə görə, Azərbaycan cəmiyyətinin özünün çoxdan boykot etdiyi kiçik bir siyasi kəsimdən bundan artıq nə isə gözləmək də mümkün deyil və faydasızdır: “Onlar neçə illərdir elə hey seçkiləri boykot edə-edə gedirlər. Soruşan lazımdır ki, bununla nə qazanmısınız, nə əldə etmisiniz?... Bəlkə sıralarınız artıb, bəlkə siyasi bazanız, siyasi dayaqlarınız möhkəmlənib, bizim xəbərimiz olmayıb?... Əslində isə bu cür gülməli, vecsiz qərarlar verməklə özünüz boykot olunmusunuz, özünüz Azərbaycan cəmiyyətindən “2” qiyməti almısınız. İndi də belə bir qərar verməklə yenə özünüzü bir daha rəzil etmiş, Azərbaycan cəmiyyətinin gözündən tam salmış oldunuz.  Dediyim kimi, onsuz da heç bir gücünüz, nüfuzunuz yoxdur, heç bir hörmət-izzət sahibi deyildiniz, son addımınızla bir daha özünüzü tam biabır etmiş oldunuz. Amma bunun bizə, Azərbaycan cəmiyyətinə, hakim siyasi qüvvəyə heç bir aidiyyəti yoxdur.  Özləri bilər, biz onların işlərinə qarışa bilmərik, bizim yolumuz, məramımız, hədəfimiz bəllidir. Bizlər Azərbaycanın ölkə Prezidenti İlham Əliyevin rəhbərliyi altında növbəti qələbələrdən qələbələrə, uğurlardan uğurlara doğru irəliləməsini istəyir, hədəfləyir və heç kimdən də çəkinmədən öz müstəqil yolumuzla inamla, qürurla addımlayırıq. Son 15 ildə Azərbaycan nəinki bölgənin, dünyanın lider dövlətlərinin, söz, nüfuz sahiblərindən birinə çevrilib. Ölkəmiz əsl dialoq, həmrəylik, tolerantlıq məkanıdır.  Bunlar da təbii ki, cənab İlham Əliyevin sayəsində mümkün olub. Odur ki, biz İlham Əliyev cənablarının daha 7 il müddətinə dövlət başçısı olmasını, seçilməsini istəyir və bu baxımdan da inanırıq ki, 11 aprel seçkiləri bu istiqamətdə növbəti zəfər təntənəmiz olacaq”. Kamil HƏMZƏOĞLU  ', 'siyaset')"

"('İlham Əliyev Həsən Ruhanini təbrik edibAzərbaycan Prezidenti İlham Əliyev İran İslam Respublikasının Prezidenti Həsən Ruhanini təbrik edib. Oxu.Az-ın məlumatına görə, təbrik məktubunda deyilir: “İran İslam Respublikasının milli bayramı – İslam İnqilabının Qələbəsi Günü münasibətilə Sizi və bütün xalqınızı şəxsən öz adımdan və Azərbaycan xalqı adından səmimi qəlbdən təbrik edirəm. Dövlətlərarası münasibətlərimizin yüksək səviyyəsi tarixən dostluq və mehriban qonşuluq şəraitində yaşamış xalqlarımızın iradəsini özündə bariz şəkildə əks etdirir. İnanıram ki, qarşılıqlı səylərimizlə bundan sonra da həm ikitərəfli qaydada, həm də regional layihələr çərçivəsində əməkdaşlığımızın müvəffəqiyyətlə davam etməsinə töhfələr verəcəyik. Bu əlamətdar gündə Sizə möhkəm cansağlığı, işlərinizdə uğurlar, dost və qardaş İran xalqına daim sülh və rifah arzulayıram”. A.M.  ', 'siyaset')"

"('Kristyan Karanbö İlham Əliyevlə görüşündən danışdıDünya Kuboku ilə birgə dünən ölkəmizdə olmuş Kristyan Karanbö Azərbaycan Respublikası prezidenti İlham Əliyevlə görüşündən danışıb. Oxu.Az xəbər verir ki, Fransa millisi ilə dünya və Avropa çempionu olmuş qonaq ölkə başçısı ilə futbol haqda söhbət etdiklərini bildirib: “O, futbolu çox sevir. Prezidentiniz idmanı dəyərləndirən bir şəxsdir. Onunla dünya kubokunun simvolik rolundan danışdıq. Bilirik ki, bu kuboka ancaq dünya çempionları və ölkə başçıları toxuna bilər. Ona görə də ölkə başçısı qanuni hüququndan istifadə edərək 6 kq çəkiyə malik kuboku əlinə aldı”. Kristyan Karanbö kubokun əvvəlki turlarında hər hansısa ölkə prezidenti ilə görüşmədiyini də qeyd edib:  “Yox, ilk belə hal idi. O, çox mehriban, çox nəzakətli, çox qonaqpərvər bir insan təsiri bağışladı. Bu səfərin baş tutmasına görə AFFA-ya da təşəkkürümü bildirirəm. Çünki onlar kubokun Azərbaycana gətirilməsində kömək etdilər”. Səbuhi TOFİQOĞLU     ', 'siyaset')"

"('Cəbhə bölgəsinin zabitləri Bakıda toplaşdı – FOTOBu gün müdafiə naziri, general-polkovnik Zakir Həsənovun rəhbərliyi ilə xidməti müşavirə keçirilib. Müdafiə Nazirliyindən Oxu.Az-a verilən məlumata görə, müdafiə nazirinin müavinləri, qoşun növləri komandanları, nazirliyin baş idarə, idarə, xidmət rəisləri, birlik komandirlərinin iştirakı ilə keçirilən müşavirəyə videobağlantı vasitəsilə cəbhə bölgəsində yerləşən birlik və birləşmələrin məsul zabitləri də cəlb olunub. Azərbaycan Prezidenti, Ali Baş Komandan İlham Əliyevin Yeni Azərbaycan Partiyasının VI qurultayındakı çıxışı, o cümlədən Ermənistan-Azərbaycan, Dağlıq Qarabağ münaqişəsi və Azərbaycan Ordusu barədə söylədiyi fikirləri vurğulayan Müdafiə naziri, cari ildə qarşıda duran vəzifələri diqqətə çatdırıb. Ali Baş Komandanın ordu quruculuğunun prioritet məsələ olması, ölkəmizin silahlanması, eləcə də 2016-cı ilin aprel döyüşləri zamanı Azərbaycan Ordusunun şanlı tarixi qələbə əldə etməsi barədə səsləndirdiyi fikirləri xüsusi qeyd edən nazir bildirib ki, dövlətimiz və xalqımız tərəfindən Azərbaycan əsgərinə hər zaman yüksək qiymət verilir. Cəbhə xəttində əməliyyat şəraitində yaranmış son vəziyyətin təhlilini aparan nazir qoşunların döyüş tapşırıqlarını yerinə yetirməyə daim hazır vəziyyətdə olması, şəxsi heyətin təhlükəsizliyinin təmin edilməsi, onların döyüş və mənəvi-psixoloji hazırlığının təkmilləşdirilməsi, bilik və bacarıqlarının artırılması, o cümlədən digər istiqamətlərdə komandir və rəis heyəti qarşısında müvafiq tapşırıqlar qoyub. A.M.  ', 'siyaset')"

"('Əli Əhmədov: İnanırıq ki, seçicilərin böyük əksəriyyəti İlham Əliyevə səs verəcəkYeni Azərbaycan Partiyasının VI qurultayının partiyanın sədri İlham Əliyevin prezidentliyə namizədliyinin irəli sürməsi ilə bağlı qərarı Azərbaycan xalqının əksəriyyətinin dəstəklədiyi və müdafiə etdiyi qərardır. Oxu.Az APA-ya istinadən xəbər verir ki, bunu YAP-ın sədr müavini-icra katibi, baş nazirin müavini Əli Əhmədov bu gün YAP-ın ümumrespublika müşavirəsində çıxışı zamanı deyib. Ə. Əhmədov bildirib ki, prezident İlham Əliyev hakimiyyətdə olduğu illərdə ölkəmiz iqtisadi, sosial, digər sahələrdə böyük inkişaf mərhələləri keçib, insanların həyat şəraiti və rifahı yüksəlib, Azərbaycanın siması köklü surətdə dəyişib, ölkəmizin beynəlxalq aləmdə mövqeləri əhəmiyyətli dərəcədə möhkəmlənib: “İnanırıq ki, aprelin 11-də Azərbaycan seçicilərinin böyük əksəriyyəti səsvermədə iştirak edərək İlham Əliyevə  səs verəcəklər. Azərbaycan xalqı prezident İlham Əliyevin siyasətini qətiyyətlə dəstəkləyir. Biz insanların bu əhval-ruhiyyəsini bilirik və buna istinad edərək xalqın İlham Əliyevə səs verəcəyinə inanırıq. İnsanlar İlham Əliyevə səs verməklə Azərbaycanın növbəti 7 il ərzində sosial-iqtisadi inkişafına səs vermiş olacaqlar. Azərbaycanın inkişafı hər bir ailənin inkişafı deməkdir. Bizim üzərimizə düşən şərəfli vəzifə isə seçki kampaniyasının demokratik ənənələrə uyğun keçirilməsi üçün fədakarlıq etməkdir. İnanıram ki, biz bu seçki kampaniyasını yüksək səviyyədə həyata keçirəcəyik”. A.M.  ', 'siyaset')"

"('İlham Əliyev Müqəddəs Taxt-Tacın nümayəndə heyətini qəbul etdiAzərbaycan Respublikasının Prezidenti İlham Əliyev Müqəddəs Taxt-Tacın xarici dövlətlərlə əlaqələr üzrə katibi, arxiyepiskop Paul Riçard Gallagherin başçılıq etdiyi nümayəndə heyətini qəbul edib. Oxu.Az-ın xəbərinə görə, bu barədə Prezidentin mətbuat xidməti məlumat yayıb.   ', 'siyaset')"

"Məmmədyarov Almaniyaya gedirXarici işlər naziri Elmar Məmmədyarov 16-17 fevral tarixlərində keçiriləcək Münhen Təhlükəsizlik Konfransında iştirak etmək üçün Almaniyaya işgüzar səfərə gedəcək.
XİN-nin mətbuat xidmətindən Oxu.Az-a verilən məlumata görə, səfər çərçivəsində nazirin Münhen Təhlükəsizlik Konfransında çıxışı və bir sıra ikitərəfli görüşləri nəzərdə tutulub.

"

"İlham Əliyev Cənub Qaz Dəhlizi Məşvərət Şurası iclasında iştirak edirFevralın 15-də Bakıda, Heydər Əliyev Mərkəzində Cənub Qaz Dəhlizi Məşvərət Şurası çərçivəsində nazirlərin dördüncü iclası işə başlayıb.
Oxu.Az-ın məlumatına görə, Azərbaycan prezidenti İlham Əliyev iclasda iştirak edir.
Tədbirdə Cənub Qaz Dəhlizinin iştirakçısı olan ölkələrin energetika nazirləri və müxtəlif qurumların təmsilçiləri, o cümlədən Avropa Komissiyasının enerji birliyi üzrə vitse-prezidenti, Məşvərət Şurasının həmsədri Maroş Şefçoviç iştirak edirlər.
Əvvəlcə birgə foto çəkdirilib.
Dövlətimizin başçısı İlham Əliyev iclasda nitq söyləyir.

"

"Avronest PA-da Azərbaycanla bağlı məruzəyə maraq göstərilibAvronest Parlament Assambleyasının (PA) enerji komitəsinin iclasında Azərbaycanda enerjidən səmərəli istifadə, enerji effektivliyinin artırılması, alternativ enerji və səmt qazının havaya atılmasının azaldılması ilə bağlı həyata keçirdiyi islahatlar avropalı deputatların diqqət mərkəzində olub.
Oxu.Az xəbər verir ki, komitənin iclasında Azərbaycan parlamentinin deputatı Muxtar Babayev “Avropa İttifaqı və Avropa Şərq Tərəfdaşlığı ölkələrində enerji səmərəliliyinin artırılması və enerjinin davamlılığı” mövzusunda məruzə ilə çıxış edib.
Məruzəçi Azərbaycanda enerji resurslarından, karbohidrogen ehtiyatlarından səmərəli istifadə ilə bağlı xüsusi dövlət proqramı hazırlandığını diqqətə çatdırıb. Bildirib ki, Azərbaycan, eyni zamanda, səmt qazının havaya atılmasının azaldılması və alternativ enerji ilə bağlı xüsusi proqram hazırlayıb. Hazırda proqramın icrası və bu sahədə effektivliyin artırılması ilə bağlı mühüm işlər görülür.
Məruzə ətrafında çıxışlar zamanı avropalı deputatlar Azərbaycanın bu sahədəki fəaliyyətini yüksək qiymətləndiriblər. Ölkəmizin təcrübəsinin öyrənilməsinin vacibliyi vurğulanıb.
M. Babayev isə jurnalistlərə açıqlamasında  bildirib ki, məruzə Avronest PA-nın iyun ayında keçiriləcək iclasında təsdiq olunacaq. Bundan sonra maraqlı tərəflər Azərbaycanın təcrübəsindən bəhrələnə biləcəklər.
Kamil HƏMZƏOĞLU

"

"İlham Əliyev Cocuq Mərcanlıya 700 min manat ayırdıAzərbaycan prezidenti İlham Əliyev Cəbrayıl rayonunun Cocuq Mərcanlı kəndinin əkin sahələrinin suvarma suyu ilə təmin edilməsi üçün əlavə tədbirlər haqqında sərəncam imzalayıb.
Oxu.Az-ın məlumatına görə, Cəbrayıl rayonunun Cocuq Mərcanlı kəndinin, eləcə də Füzuli rayonunun Mirzənağılı və Qazaxlar kəndlərinin ümumilikdə 680 hektar əkin sahəsinin suvarma suyu ilə təmin edilməsi üçün həyata keçirilən tikinti işlərini başa çatdırmaq məqsədi ilə “Azərbaycan Respublikasının 2018-ci il dövlət büdcəsində dövlət əsaslı vəsait qoyuluşu (investisiya xərcləri) üçün nəzərdə tutulan vəsaitin bölgüsü”nün 1.47.13-cü yarımbəndində göstərilmiş məbləğin 700 000 manatı Azərbaycan Meliorasiya və Su Təsərrüfatı Açıq Səhmdar Cəmiyyətinə ayrılıb.
Maliyyə Nazirliyinə müvafiq məbləğdə maliyyələşməni təmin etmək tapşırılıb.

"

"Mehriban Əliyeva Britaniya baş nazirinin ticarət elçisi ilə görüşüb – FOTOAzərbaycan I vitse-prezidenti Mehriban Əliyeva Böyük Britaniya baş nazirinin ticarət elçisi Baronessa Emma Nikolsonla görüşüb.
Oxu.Az-ın məlumatına görə, E. Nikolson M. Əliyevaya xatirə hədiyyəsi təqdim edib.
Böyük Britaniya baş nazirinin ticarət elçisinin fevralın 15-də Bakıda Cənub Qaz Dəhlizi Məşvərət Şurası çərçivəsində nazirlərin 4-cü iclasında iştirak edəcəyini qeyd edən M. Əliyeva bu iclasın uğurlu keçəcəyinə əminliyini bildirib. Baronessa Emma Nikolsonla 2016-cı ilin noyabrında görüşünü xatırlayan I vitse-prezident onun geniş fəaliyyətini yüksək dəyərləndirib və böyük hörmətə layiq olduğunu vurğulayıb. “Ölkələrimiz arasında əməkdaşlıq genişləndirilir və gücləndirilir” deyən M. Əliyeva bu işdə Baronessa Emma Nikolsonun rolunu xüsusi qeyd edib.
M. Əliyeva Azərbaycanla Böyük Britaniya arasında uzun illər mövcud olan işgüzar əlaqələrin bir çox sahələri əhatə etdiyini diqqətə çatdıraraq, enerji sektorundakı əməkdaşlığı xüsusi vurğulayıb, Azərbaycanda Böyük Britaniyanın bir sıra şirkətlərinin, o cümlədən BP şirkətinin uğurlu fəaliyyətini qeyd edib. Ümumi dəyəri 42 milyard dollar olan “Cənub Qaz Dəhlizi” layihəsinin Azərbaycan üçün əhəmiyyətini vurğulayan M. Əliyeva bu layihənin uğurla həyata keçirildiyini və BP şirkətinin layihənin əsas tərəfdaşlarından biri olduğunu deyib. Diqqətə çatdırıb ki, layihənin reallaşdırılması ilə ilk qazın bu ilin iyulunda Türkiyəyə, 2020-ci ildə isə Avropaya çatdırılması nəzərdə tutulur.
İki ölkə arasında digər sahələrdə də geniş əməkdaşlıq imkanlarının mövcudluğunu qeyd edən I vitse-prezident nəqliyyat, yüksək texnologiyalar, səhiyyə, kənd təsərrüfatı sahələrində böyük potensialın olduğunu vurğulayıb. Baronessa Emma Nikolsonun xeyriyyəçilik fəaliyyətindən danışan M. Əliyeva AMAR Beynəlxalq Xeyriyyə Fondu ilə Heydər Əliyev Fondu arasında çox uğurlu əməkdaşlığı qeyd edib. Bildirib ki, İraqda münaqişədən əziyyət çəkən insanlar üçün 2017-ci ildə Baronessa Emma Nikolsonun təklifi ilə köçkün düşərgələrində şahmat turniri keçirilib. Azərbaycanın iki beynəlxalq şahmatçısı Azər Mirzəyev və Fərid Abbasov turnirdə iştirak edərək, oyunlar keçiriblər. Bu layihəyə göstərilən dəstəyə görə Baronessa Emma Nikolsona minnətdarlığını bildirən M. Əliyeva Azərbaycan tərəfinin gələcəkdə də belə layihələrdə iştirak etməyə hazır olduğunu deyib.
Baronessa Emma Nikolson ölkəmizdə olmaqdan məmnunluğunu bildirib. Qonaq Mehriban Əliyeva ilə ikinci dəfədir görüşdüyünü qeyd edərək, keçirilən müzakirələri yüksək dəyərləndirib. Vurğulayıb ki, müzakirələrin nəticəsi olaraq hər iki tərəf üçün böyük maraq doğuran sahələrdə uğurlu işlər görülüb. Qonaq bu fəaliyyətin davam etdirilməsini arzuladıqlarını bildirib.












"

"İlham Əliyevin prezidentliyə namizədliyi təsdiqlənibBu gün Mərkəzi Seçki Komissiyasının iclasında Azərbaycan prezidenti, Yeni Azərbaycan Partiyasının prezidentliyə namizədi İlham Əliyevin namizədliyinin irəli sürülməsinin təsdiq olunması müzakirəyə çıxarılıb.
Oxu.Az-ın məlumatına görə, iclasda İlham Əliyevin prezidentliyə namizədliyinin irəli sürülməsi təsdiq edilib.
Xatırladaq ki, Yeni Azərbaycan Partiyasının fevralın 8-də keçirilən qurultayında İlham Əliyevin prezidentliyə namizədliyi irəli sürülüb.

"

"XİN-nin bağışladığı musiqiçi Cocuq Mərcanlıda konsert vermək istəyirAzərbaycan Xarici İşlər Nazirliyi (XİN) daha bir rusiyalı musiqiçinin adını “arzuolunmaz şəxslər” siyahısından çıxarıb.
Nazirliyin mətbuat xidmətindən Oxu.Az-a verilən məlumata görə, Rusiya Federasiyası vətəndaşı, “Sülh naminə musiqi” layihəsinin üzvü, musiqiçi Dmitri Uvarov, Xarici İşlər Nazirliyinə məktubla müraciət edərək, adının “Azərbaycan Respublikasının işğal edilmiş ərazilərinə qanunsuz səfər etmiş əcnəbilərin siyahısı”ndan çıxarılmasını xahiş edib.
Məktubunda Dmitri Uvarov 2015-ci ildə “Sülh naminə musiqi” layihəsi çərçivəsində Dağlıq Qarabağa səfər etdiyini, Azərbaycanın razılığı olmadan həmin əraziyə səfərin qadağan olunduğu və doğuracağı nəticələr barədə məlumatlı olmadığını yazıb.
O, bu səfərin Azərbaycan Respublikasına və xalqına qarşı heç bir halda hörmətsizlik anlamı daşımadığını vurğulayıb.
D.Uvarov Azərbaycan Respublikasının qanunlarına hörmət etdiyini qeyd edərək, sözügedən səfərlə əlaqədar Azərbaycan hökuməti və xalqından üzr istədiyini qeyd edib.
O, münaqişə nəticəsində bir milyondan artıq azərbaycanlının qaçqın və məcburi köçkün vəziyyətinə düşdüyünü, 20.000-dən artıq insanın həlak olduğunu qeyd edib.
D.Uvarov “Sülh naminə musiqi” layihəsinin Bakıya, xüsusilə Cocuq Mərcanlı kəndinə səfər edərək azərbaycanlı qaçqın və məcburi köçkünlər üçün ustad dərslər təşkil etmək və xeyriyyə konserti proqramları ilə çıxış etmək arzusunda olduğunu ifadə edib.
Rusiyalı musiqiçinin müraciəti müvafiq qaydada nəzərdən keçirilib və onun adının “arzuolunmaz şəxslər” siyahısından çıxarılmasına dair qərar qəbul edilib.

"

"Əli Həsənov Volonte ilə bağlı məhkəmə qərarını şərh etdiAzərbaycan Prezidentinin İctimai-siyasi məsələlər üzrə köməkçisi Əli Həsənov Azərbaycanla korrupsiya əlaqələrində ittiham olunan, AŞ PA-da Avropa Xalq Partiyası deputatlar qrupunun sədri olmuş Luka Volonte barədə İtaliyanın Milan məhkəməsinin bəraət qərarını şərh edib.
Oxu.Az-ın məlumatına görə, Əli Həsənov bildirib ki, Milan məhkəməsinin 2018-ci il 13 fevral tarixli qərarı ötən ilin ortalarında məlum anti-Azərbaycan mərkəzlərin və şəbəkələrin sifarişilə Mütəşəkkil Cinayətkarlıq və Korrupsiyaya Qarşı Jurnalistika Layihəsi (OCCRP) adlı qeyri-şəffaf və bəlli məqsədlər üçün yaradılmış qurum vasitəsilə yayılmış məlumatların əsassız, qərəzli olduğunu və Azərbaycanın sağlam beynəlxalq imicini ləkələmək məqsədi güddüyünü təsdiqlədi:
“Qeyd edim ki, anti-Azərbaycan mərkəzlər və şəbəkələr bu kimi çoxsaylı feyk-məlumatlarla həm Azərbaycan dövlətini, həm də ölkəmizə dost münasibəti bəsləyən, onunla bağlı pozitiv fikirlər bildirən tanınmış şəxsləri – ictimai-siyasi xadimləri, ekspertləri, jurnalistləri və s. hədəfə götürmək və qınaq obyektinə çevirmək istəyirdilər. 
Təsadüfi deyil ki, həmin vaxt OCCRP-nin “Azərbaycanın pulyuyan maşını” adlı qondarma materialı dünya mediasında sürətlə tirajlandı, məsələ ilə ayrı-ayrı ölkələrin rəsmi instansiyaları maraqlandı və orada adları keçən şəxslər, o cümlədən də guya Azərbaycandan 2 milyon 640 min dollar almış AŞPA-da Avropa Xalq Partiyası deputatlar qrupunun sədri olmuş Luka Volonte barədə xüsusi araşdırma başladıldı.
Xatırladım ki, həmin dövrdə də biz açıqlama yayaraq OCCRP-nin imzası ilə dövriyyəyə buraxılmış bu iddiaların qərəzli, əsassız, təxribat xarakteri daşıdığını və Azərbaycana qarşı bəlli dairələr tərəfindən təşkil edilmiş çirkin qarayaxma kampaniyasının tərkib hissəsi olduğunu bildirmişdik.
Göründüyü kimi, Milan məhkəməsinin obyektiv araşdırması da bunu bilavasitə təsdiqlədi”.
Əli Həsənov deyib ki, Azərbaycan hakimiyyəti dövlətin və onun tərəfdaşlarının imicini ləkələmək məqsədilə həyata keçirilən belə qarayaxma kampaniyasının təşkilatçıları və icraçıları haqqında kifayət qədər məlumatlıdır və yalnız Milan məhkəməsinin qərarı ilə kifayətlənmək niyyətində deyil: 
“Biz bu çirkin əməldə əli olanlarla bağlı müvafiq qaydada hüquqi prosedurlara başlamaq niyyətindəyik. Məsələ ilə bağlı artıq Azərbaycanın aidiyyəti dövlət orqanlarına tapşırıqlar verilib.
Hesab edirik ki, demokratiya və söz azadlığı pərdəsi altında gizlənərək beynəlxalq miqyasda ayrı-ayrı dövlətlərə, qurumlara, şəxslərə qarşı kampaniya təşkil edənlər bunun məsuliyyətini də dərk etməli və cavabdehlik daşımalıdırlar”.

"

